ISO-10303-21;
HEADER;
/* Generated by software containing ST-Developer
 * from STEP Tools, Inc. (www.steptools.com) 
 */

FILE_DESCRIPTION(
/* description */ (''),
/* implementation_level */ '2;1');

FILE_NAME(
/* name */ 'BoxV2.step',
/* time_stamp */ '2026-09-12T11:03:50+02:00',
/* author */ (''),
/* organization */ (''),
/* preprocessor_version */ 'ST-DEVELOPER v20.1',
/* originating_system */ 'Autodesk Translation Framework v15.8.0.0',
/* authorisation */ '');

FILE_SCHEMA (('AUTOMOTIVE_DESIGN { 1 0 10303 214 3 1 1 }'));
ENDSEC;

DATA;
#10=MECHANICAL_DESIGN_GEOMETRIC_PRESENTATION_REPRESENTATION('',(#26,#27,
#28),#2860);
#11=CONTEXT_DEPENDENT_OVER_RIDING_STYLED_ITEM('',(#2893),#2874,#28,(#16));
#12=MAPPED_ITEM('',#13,#1875);
#13=REPRESENTATION_MAP(#1875,#2873);
#14=ITEM_DEFINED_TRANSFORMATION($,$,#1719,#1873);
#15=ITEM_DEFINED_TRANSFORMATION($,$,#1768,#1874);
#16=(
REPRESENTATION_RELATIONSHIP($,$,#2874,#2873)
REPRESENTATION_RELATIONSHIP_WITH_TRANSFORMATION(#14)
SHAPE_REPRESENTATION_RELATIONSHIP()
);
#17=(
REPRESENTATION_RELATIONSHIP($,$,#2875,#2873)
REPRESENTATION_RELATIONSHIP_WITH_TRANSFORMATION(#15)
SHAPE_REPRESENTATION_RELATIONSHIP()
);
#18=CONTEXT_DEPENDENT_SHAPE_REPRESENTATION(#16,#2871);
#19=CONTEXT_DEPENDENT_SHAPE_REPRESENTATION(#17,#2872);
#20=NEXT_ASSEMBLY_USAGE_OCCURRENCE('LID:1','LID:1','LID:1',#2877,#2878,
'LID:1');
#21=NEXT_ASSEMBLY_USAGE_OCCURRENCE('BOX:1','BOX:1','BOX:1',#2877,#2879,
'BOX:1');
#22=SHAPE_REPRESENTATION_RELATIONSHIP('SRR','None',#2874,#24);
#23=SHAPE_REPRESENTATION_RELATIONSHIP('SRR','None',#2875,#25);
#24=ADVANCED_BREP_SHAPE_REPRESENTATION('',(#29),#2858);
#25=ADVANCED_BREP_SHAPE_REPRESENTATION('',(#30),#2859);
#26=STYLED_ITEM('',(#2893),#29);
#27=STYLED_ITEM('',(#2894),#30);
#28=STYLED_ITEM('',(#2895),#12);
#29=MANIFOLD_SOLID_BREP('LID',#1693);
#30=MANIFOLD_SOLID_BREP('BOX',#1694);
#31=FACE_BOUND('',#236,.T.);
#32=FACE_BOUND('',#256,.T.);
#33=FACE_BOUND('',#275,.T.);
#34=FACE_BOUND('',#276,.T.);
#35=CYLINDRICAL_SURFACE('',#1731,5.00000000000027);
#36=CYLINDRICAL_SURFACE('',#1737,1.6);
#37=CYLINDRICAL_SURFACE('',#1743,2.34999999996961);
#38=CYLINDRICAL_SURFACE('',#1746,2.349999999959);
#39=CYLINDRICAL_SURFACE('',#1759,3.34999999996962);
#40=CYLINDRICAL_SURFACE('',#1762,3.349999999959);
#41=CYLINDRICAL_SURFACE('',#1765,5.00000000000021);
#42=CYLINDRICAL_SURFACE('',#1789,2.50000000000191);
#43=CYLINDRICAL_SURFACE('',#1792,2.50000000001494);
#44=CYLINDRICAL_SURFACE('',#1795,2.5000000000234);
#45=CYLINDRICAL_SURFACE('',#1832,5.00000000000028);
#46=CYLINDRICAL_SURFACE('',#1834,4.99999999999999);
#47=CYLINDRICAL_SURFACE('',#1840,1.99999999999999);
#48=CYLINDRICAL_SURFACE('',#1855,3.49999999995365);
#49=CYLINDRICAL_SURFACE('',#1857,3.50000000000003);
#50=CYLINDRICAL_SURFACE('',#1861,5.0000000000002);
#51=CYLINDRICAL_SURFACE('',#1865,2.49999999995368);
#52=CYLINDRICAL_SURFACE('',#1867,2.49999999997137);
#53=CYLINDRICAL_SURFACE('',#1871,2.50000000002949);
#54=CYLINDRICAL_SURFACE('',#1872,4.99999999999964);
#55=CIRCLE('',#1722,4.80000000000022);
#56=CIRCLE('',#1723,5.00000000000021);
#57=CIRCLE('',#1725,4.80000000000027);
#58=CIRCLE('',#1726,5.00000000000027);
#59=CIRCLE('',#1732,5.00000000000027);
#60=CIRCLE('',#1735,3.59999999999999);
#61=CIRCLE('',#1736,1.6);
#62=CIRCLE('',#1738,1.6);
#63=CIRCLE('',#1740,2.349999999959);
#64=CIRCLE('',#1741,2.34999999996961);
#65=CIRCLE('',#1744,2.34999999996961);
#66=CIRCLE('',#1747,2.349999999959);
#67=CIRCLE('',#1751,3.34999999996962);
#68=CIRCLE('',#1754,3.349999999959);
#69=CIRCLE('',#1760,3.34999999996962);
#70=CIRCLE('',#1763,3.349999999959);
#71=CIRCLE('',#1766,5.00000000000021);
#72=CIRCLE('',#1772,2.70000000002339);
#73=CIRCLE('',#1773,2.5000000000234);
#74=CIRCLE('',#1778,2.70000000001494);
#75=CIRCLE('',#1779,2.50000000001493);
#76=CIRCLE('',#1783,2.7000000000295);
#77=CIRCLE('',#1784,2.50000000002949);
#78=CIRCLE('',#1786,2.70000000000192);
#79=CIRCLE('',#1787,2.50000000000191);
#80=CIRCLE('',#1790,2.50000000000191);
#81=CIRCLE('',#1793,2.50000000001494);
#82=CIRCLE('',#1796,2.5000000000234);
#83=CIRCLE('',#1798,3.49999999995365);
#84=CIRCLE('',#1799,3.50000000000003);
#85=CIRCLE('',#1800,5.0000000000002);
#86=CIRCLE('',#1801,5.00000000000028);
#87=CIRCLE('',#1802,1.99999999999999);
#88=CIRCLE('',#1805,4.79999999999821);
#89=CIRCLE('',#1806,4.99999999999999);
#90=CIRCLE('',#1808,4.79999999999941);
#91=CIRCLE('',#1809,4.99999999999964);
#92=CIRCLE('',#1813,2.49999999997137);
#93=CIRCLE('',#1814,2.49999999995368);
#94=CIRCLE('',#1818,4.99999999999999);
#95=CIRCLE('',#1819,4.79999999999998);
#96=CIRCLE('',#1821,4.99999999999964);
#97=CIRCLE('',#1822,4.79999999999964);
#98=CIRCLE('',#1826,5.00000000000028);
#99=CIRCLE('',#1827,4.80000000000029);
#100=CIRCLE('',#1829,5.0000000000002);
#101=CIRCLE('',#1830,4.8000000000002);
#102=CIRCLE('',#1841,1.99999999999999);
#103=CIRCLE('',#1847,2.49999999997137);
#104=CIRCLE('',#1848,3.50000000000003);
#105=CIRCLE('',#1851,2.49999999995368);
#106=CIRCLE('',#1852,3.49999999995365);
#107=CIRCLE('',#1869,2.50000000002949);
#108=CONICAL_SURFACE('',#1721,4.90000000000022,0.785398163397446);
#109=CONICAL_SURFACE('',#1724,4.90000000000027,0.785398163397446);
#110=CONICAL_SURFACE('',#1734,2.6,0.785398163397446);
#111=CONICAL_SURFACE('',#1750,2.84999999996961,0.588002603547568);
#112=CONICAL_SURFACE('',#1753,2.849999999959,0.588002603547566);
#113=CONICAL_SURFACE('',#1771,2.6000000000234,0.785398163397444);
#114=CONICAL_SURFACE('',#1777,2.60000000001493,0.785398163397463);
#115=CONICAL_SURFACE('',#1782,2.6000000000295,0.785398163397469);
#116=CONICAL_SURFACE('',#1785,2.60000000000191,0.785398163397477);
#117=CONICAL_SURFACE('',#1804,4.8999999999991,0.785398163401904);
#118=CONICAL_SURFACE('',#1807,4.89999999999953,0.785398163398042);
#119=CONICAL_SURFACE('',#1817,4.89999999999999,0.785398163397467);
#120=CONICAL_SURFACE('',#1820,4.89999999999965,0.78539816339745);
#121=CONICAL_SURFACE('',#1825,4.90000000000029,0.785398163397435);
#122=CONICAL_SURFACE('',#1828,4.9000000000002,0.785398163397435);
#123=CONICAL_SURFACE('',#1846,3.00000000000003,0.588002603547568);
#124=CONICAL_SURFACE('',#1850,2.99999999995365,0.588002603547568);
#125=FACE_OUTER_BOUND('',#224,.T.);
#126=FACE_OUTER_BOUND('',#225,.T.);
#127=FACE_OUTER_BOUND('',#226,.T.);
#128=FACE_OUTER_BOUND('',#227,.T.);
#129=FACE_OUTER_BOUND('',#228,.T.);
#130=FACE_OUTER_BOUND('',#229,.T.);
#131=FACE_OUTER_BOUND('',#230,.T.);
#132=FACE_OUTER_BOUND('',#231,.T.);
#133=FACE_OUTER_BOUND('',#232,.T.);
#134=FACE_OUTER_BOUND('',#233,.T.);
#135=FACE_OUTER_BOUND('',#234,.T.);
#136=FACE_OUTER_BOUND('',#235,.T.);
#137=FACE_OUTER_BOUND('',#237,.T.);
#138=FACE_OUTER_BOUND('',#238,.T.);
#139=FACE_OUTER_BOUND('',#239,.T.);
#140=FACE_OUTER_BOUND('',#240,.T.);
#141=FACE_OUTER_BOUND('',#241,.T.);
#142=FACE_OUTER_BOUND('',#242,.T.);
#143=FACE_OUTER_BOUND('',#243,.T.);
#144=FACE_OUTER_BOUND('',#244,.T.);
#145=FACE_OUTER_BOUND('',#245,.T.);
#146=FACE_OUTER_BOUND('',#246,.T.);
#147=FACE_OUTER_BOUND('',#247,.T.);
#148=FACE_OUTER_BOUND('',#248,.T.);
#149=FACE_OUTER_BOUND('',#249,.T.);
#150=FACE_OUTER_BOUND('',#250,.T.);
#151=FACE_OUTER_BOUND('',#251,.T.);
#152=FACE_OUTER_BOUND('',#252,.T.);
#153=FACE_OUTER_BOUND('',#253,.T.);
#154=FACE_OUTER_BOUND('',#254,.T.);
#155=FACE_OUTER_BOUND('',#255,.T.);
#156=FACE_OUTER_BOUND('',#257,.T.);
#157=FACE_OUTER_BOUND('',#258,.T.);
#158=FACE_OUTER_BOUND('',#259,.T.);
#159=FACE_OUTER_BOUND('',#260,.T.);
#160=FACE_OUTER_BOUND('',#261,.T.);
#161=FACE_OUTER_BOUND('',#262,.T.);
#162=FACE_OUTER_BOUND('',#263,.T.);
#163=FACE_OUTER_BOUND('',#264,.T.);
#164=FACE_OUTER_BOUND('',#265,.T.);
#165=FACE_OUTER_BOUND('',#266,.T.);
#166=FACE_OUTER_BOUND('',#267,.T.);
#167=FACE_OUTER_BOUND('',#268,.T.);
#168=FACE_OUTER_BOUND('',#269,.T.);
#169=FACE_OUTER_BOUND('',#270,.T.);
#170=FACE_OUTER_BOUND('',#271,.T.);
#171=FACE_OUTER_BOUND('',#272,.T.);
#172=FACE_OUTER_BOUND('',#273,.T.);
#173=FACE_OUTER_BOUND('',#274,.T.);
#174=FACE_OUTER_BOUND('',#277,.T.);
#175=FACE_OUTER_BOUND('',#278,.T.);
#176=FACE_OUTER_BOUND('',#279,.T.);
#177=FACE_OUTER_BOUND('',#280,.T.);
#178=FACE_OUTER_BOUND('',#281,.T.);
#179=FACE_OUTER_BOUND('',#282,.T.);
#180=FACE_OUTER_BOUND('',#283,.T.);
#181=FACE_OUTER_BOUND('',#284,.T.);
#182=FACE_OUTER_BOUND('',#285,.T.);
#183=FACE_OUTER_BOUND('',#286,.T.);
#184=FACE_OUTER_BOUND('',#287,.T.);
#185=FACE_OUTER_BOUND('',#288,.T.);
#186=FACE_OUTER_BOUND('',#289,.T.);
#187=FACE_OUTER_BOUND('',#290,.T.);
#188=FACE_OUTER_BOUND('',#291,.T.);
#189=FACE_OUTER_BOUND('',#292,.T.);
#190=FACE_OUTER_BOUND('',#293,.T.);
#191=FACE_OUTER_BOUND('',#294,.T.);
#192=FACE_OUTER_BOUND('',#295,.T.);
#193=FACE_OUTER_BOUND('',#296,.T.);
#194=FACE_OUTER_BOUND('',#297,.T.);
#195=FACE_OUTER_BOUND('',#298,.T.);
#196=FACE_OUTER_BOUND('',#299,.T.);
#197=FACE_OUTER_BOUND('',#300,.T.);
#198=FACE_OUTER_BOUND('',#301,.T.);
#199=FACE_OUTER_BOUND('',#302,.T.);
#200=FACE_OUTER_BOUND('',#303,.T.);
#201=FACE_OUTER_BOUND('',#304,.T.);
#202=FACE_OUTER_BOUND('',#305,.T.);
#203=FACE_OUTER_BOUND('',#306,.T.);
#204=FACE_OUTER_BOUND('',#307,.T.);
#205=FACE_OUTER_BOUND('',#308,.T.);
#206=FACE_OUTER_BOUND('',#309,.T.);
#207=FACE_OUTER_BOUND('',#310,.T.);
#208=FACE_OUTER_BOUND('',#311,.T.);
#209=FACE_OUTER_BOUND('',#312,.T.);
#210=FACE_OUTER_BOUND('',#313,.T.);
#211=FACE_OUTER_BOUND('',#314,.T.);
#212=FACE_OUTER_BOUND('',#315,.T.);
#213=FACE_OUTER_BOUND('',#316,.T.);
#214=FACE_OUTER_BOUND('',#317,.T.);
#215=FACE_OUTER_BOUND('',#318,.T.);
#216=FACE_OUTER_BOUND('',#319,.T.);
#217=FACE_OUTER_BOUND('',#320,.T.);
#218=FACE_OUTER_BOUND('',#321,.T.);
#219=FACE_OUTER_BOUND('',#322,.T.);
#220=FACE_OUTER_BOUND('',#323,.T.);
#221=FACE_OUTER_BOUND('',#324,.T.);
#222=FACE_OUTER_BOUND('',#325,.T.);
#223=FACE_OUTER_BOUND('',#326,.T.);
#224=EDGE_LOOP('',(#1064,#1065,#1066,#1067));
#225=EDGE_LOOP('',(#1068,#1069,#1070,#1071));
#226=EDGE_LOOP('',(#1072,#1073,#1074,#1075));
#227=EDGE_LOOP('',(#1076,#1077,#1078,#1079));
#228=EDGE_LOOP('',(#1080,#1081,#1082,#1083));
#229=EDGE_LOOP('',(#1084,#1085,#1086,#1087,#1088,#1089,#1090));
#230=EDGE_LOOP('',(#1091,#1092,#1093,#1094));
#231=EDGE_LOOP('',(#1095,#1096,#1097,#1098));
#232=EDGE_LOOP('',(#1099,#1100,#1101,#1102));
#233=EDGE_LOOP('',(#1103,#1104,#1105,#1106));
#234=EDGE_LOOP('',(#1107,#1108,#1109,#1110));
#235=EDGE_LOOP('',(#1111,#1112,#1113,#1114,#1115,#1116,#1117,#1118,#1119,
#1120,#1121,#1122));
#236=EDGE_LOOP('',(#1123));
#237=EDGE_LOOP('',(#1124,#1125,#1126,#1127));
#238=EDGE_LOOP('',(#1128,#1129,#1130,#1131));
#239=EDGE_LOOP('',(#1132,#1133,#1134,#1135));
#240=EDGE_LOOP('',(#1136,#1137,#1138,#1139));
#241=EDGE_LOOP('',(#1140,#1141,#1142,#1143));
#242=EDGE_LOOP('',(#1144,#1145,#1146,#1147));
#243=EDGE_LOOP('',(#1148,#1149,#1150,#1151));
#244=EDGE_LOOP('',(#1152,#1153,#1154,#1155));
#245=EDGE_LOOP('',(#1156,#1157,#1158,#1159));
#246=EDGE_LOOP('',(#1160,#1161,#1162,#1163));
#247=EDGE_LOOP('',(#1164,#1165,#1166,#1167));
#248=EDGE_LOOP('',(#1168,#1169,#1170,#1171,#1172,#1173,#1174));
#249=EDGE_LOOP('',(#1175,#1176,#1177,#1178));
#250=EDGE_LOOP('',(#1179,#1180,#1181,#1182));
#251=EDGE_LOOP('',(#1183,#1184,#1185,#1186));
#252=EDGE_LOOP('',(#1187,#1188,#1189,#1190));
#253=EDGE_LOOP('',(#1191,#1192,#1193,#1194));
#254=EDGE_LOOP('',(#1195,#1196,#1197,#1198));
#255=EDGE_LOOP('',(#1199,#1200,#1201,#1202,#1203,#1204,#1205,#1206,#1207,
#1208,#1209,#1210));
#256=EDGE_LOOP('',(#1211));
#257=EDGE_LOOP('',(#1212,#1213,#1214,#1215));
#258=EDGE_LOOP('',(#1216,#1217,#1218,#1219));
#259=EDGE_LOOP('',(#1220,#1221,#1222,#1223));
#260=EDGE_LOOP('',(#1224,#1225,#1226,#1227));
#261=EDGE_LOOP('',(#1228,#1229,#1230,#1231));
#262=EDGE_LOOP('',(#1232,#1233,#1234,#1235));
#263=EDGE_LOOP('',(#1236,#1237,#1238,#1239));
#264=EDGE_LOOP('',(#1240,#1241,#1242,#1243));
#265=EDGE_LOOP('',(#1244,#1245,#1246,#1247));
#266=EDGE_LOOP('',(#1248,#1249,#1250,#1251));
#267=EDGE_LOOP('',(#1252,#1253,#1254,#1255));
#268=EDGE_LOOP('',(#1256,#1257,#1258,#1259));
#269=EDGE_LOOP('',(#1260,#1261,#1262,#1263));
#270=EDGE_LOOP('',(#1264,#1265,#1266,#1267));
#271=EDGE_LOOP('',(#1268,#1269,#1270,#1271));
#272=EDGE_LOOP('',(#1272,#1273,#1274,#1275));
#273=EDGE_LOOP('',(#1276,#1277,#1278,#1279));
#274=EDGE_LOOP('',(#1280,#1281,#1282,#1283,#1284,#1285,#1286,#1287,#1288,
#1289,#1290,#1291));
#275=EDGE_LOOP('',(#1292));
#276=EDGE_LOOP('',(#1293,#1294,#1295,#1296,#1297,#1298,#1299,#1300,#1301,
#1302,#1303,#1304));
#277=EDGE_LOOP('',(#1305,#1306,#1307,#1308));
#278=EDGE_LOOP('',(#1309,#1310,#1311,#1312));
#279=EDGE_LOOP('',(#1313,#1314,#1315,#1316));
#280=EDGE_LOOP('',(#1317,#1318,#1319,#1320));
#281=EDGE_LOOP('',(#1321,#1322,#1323,#1324));
#282=EDGE_LOOP('',(#1325,#1326,#1327,#1328,#1329,#1330,#1331,#1332,#1333,
#1334,#1335,#1336));
#283=EDGE_LOOP('',(#1337,#1338,#1339,#1340,#1341,#1342,#1343));
#284=EDGE_LOOP('',(#1344,#1345,#1346,#1347));
#285=EDGE_LOOP('',(#1348,#1349,#1350,#1351));
#286=EDGE_LOOP('',(#1352,#1353,#1354,#1355));
#287=EDGE_LOOP('',(#1356,#1357,#1358,#1359));
#288=EDGE_LOOP('',(#1360,#1361,#1362,#1363));
#289=EDGE_LOOP('',(#1364,#1365,#1366,#1367));
#290=EDGE_LOOP('',(#1368,#1369,#1370,#1371));
#291=EDGE_LOOP('',(#1372,#1373,#1374,#1375));
#292=EDGE_LOOP('',(#1376,#1377,#1378,#1379));
#293=EDGE_LOOP('',(#1380,#1381,#1382,#1383,#1384,#1385));
#294=EDGE_LOOP('',(#1386,#1387,#1388,#1389));
#295=EDGE_LOOP('',(#1390,#1391,#1392,#1393));
#296=EDGE_LOOP('',(#1394,#1395,#1396,#1397,#1398,#1399,#1400,#1401));
#297=EDGE_LOOP('',(#1402,#1403,#1404,#1405));
#298=EDGE_LOOP('',(#1406,#1407,#1408,#1409,#1410,#1411,#1412,#1413));
#299=EDGE_LOOP('',(#1414,#1415,#1416,#1417));
#300=EDGE_LOOP('',(#1418,#1419,#1420,#1421));
#301=EDGE_LOOP('',(#1422));
#302=EDGE_LOOP('',(#1423,#1424,#1425,#1426));
#303=EDGE_LOOP('',(#1427,#1428,#1429,#1430));
#304=EDGE_LOOP('',(#1431,#1432,#1433,#1434));
#305=EDGE_LOOP('',(#1435,#1436,#1437,#1438));
#306=EDGE_LOOP('',(#1439,#1440,#1441,#1442));
#307=EDGE_LOOP('',(#1443,#1444,#1445,#1446));
#308=EDGE_LOOP('',(#1447,#1448,#1449,#1450));
#309=EDGE_LOOP('',(#1451,#1452,#1453,#1454));
#310=EDGE_LOOP('',(#1455,#1456,#1457,#1458));
#311=EDGE_LOOP('',(#1459,#1460,#1461,#1462));
#312=EDGE_LOOP('',(#1463,#1464,#1465,#1466));
#313=EDGE_LOOP('',(#1467,#1468,#1469,#1470));
#314=EDGE_LOOP('',(#1471,#1472,#1473,#1474,#1475,#1476,#1477));
#315=EDGE_LOOP('',(#1478,#1479,#1480,#1481));
#316=EDGE_LOOP('',(#1482,#1483,#1484,#1485));
#317=EDGE_LOOP('',(#1486,#1487,#1488,#1489,#1490,#1491));
#318=EDGE_LOOP('',(#1492,#1493,#1494,#1495));
#319=EDGE_LOOP('',(#1496,#1497,#1498,#1499));
#320=EDGE_LOOP('',(#1500,#1501,#1502,#1503));
#321=EDGE_LOOP('',(#1504,#1505,#1506,#1507));
#322=EDGE_LOOP('',(#1508,#1509,#1510,#1511));
#323=EDGE_LOOP('',(#1512,#1513,#1514,#1515,#1516,#1517,#1518,#1519));
#324=EDGE_LOOP('',(#1520,#1521,#1522,#1523));
#325=EDGE_LOOP('',(#1524,#1525,#1526,#1527));
#326=EDGE_LOOP('',(#1528,#1529,#1530,#1531));
#327=LINE('',#2378,#508);
#328=LINE('',#2380,#509);
#329=LINE('',#2382,#510);
#330=LINE('',#2383,#511);
#331=LINE('',#2388,#512);
#332=LINE('',#2393,#513);
#333=LINE('',#2399,#514);
#334=LINE('',#2400,#515);
#335=LINE('',#2401,#516);
#336=LINE('',#2405,#517);
#337=LINE('',#2406,#518);
#338=LINE('',#2407,#519);
#339=LINE('',#2410,#520);
#340=LINE('',#2412,#521);
#341=LINE('',#2414,#522);
#342=LINE('',#2416,#523);
#343=LINE('',#2418,#524);
#344=LINE('',#2419,#525);
#345=LINE('',#2422,#526);
#346=LINE('',#2423,#527);
#347=LINE('',#2426,#528);
#348=LINE('',#2430,#529);
#349=LINE('',#2431,#530);
#350=LINE('',#2436,#531);
#351=LINE('',#2441,#532);
#352=LINE('',#2444,#533);
#353=LINE('',#2448,#534);
#354=LINE('',#2452,#535);
#355=LINE('',#2453,#536);
#356=LINE('',#2457,#537);
#357=LINE('',#2458,#538);
#358=LINE('',#2459,#539);
#359=LINE('',#2463,#540);
#360=LINE('',#2466,#541);
#361=LINE('',#2467,#542);
#362=LINE('',#2471,#543);
#363=LINE('',#2473,#544);
#364=LINE('',#2476,#545);
#365=LINE('',#2478,#546);
#366=LINE('',#2479,#547);
#367=LINE('',#2482,#548);
#368=LINE('',#2486,#549);
#369=LINE('',#2487,#550);
#370=LINE('',#2490,#551);
#371=LINE('',#2493,#552);
#372=LINE('',#2496,#553);
#373=LINE('',#2498,#554);
#374=LINE('',#2499,#555);
#375=LINE('',#2502,#556);
#376=LINE('',#2503,#557);
#377=LINE('',#2506,#558);
#378=LINE('',#2507,#559);
#379=LINE('',#2510,#560);
#380=LINE('',#2514,#561);
#381=LINE('',#2515,#562);
#382=LINE('',#2518,#563);
#383=LINE('',#2521,#564);
#384=LINE('',#2529,#565);
#385=LINE('',#2531,#566);
#386=LINE('',#2533,#567);
#387=LINE('',#2534,#568);
#388=LINE('',#2537,#569);
#389=LINE('',#2539,#570);
#390=LINE('',#2540,#571);
#391=LINE('',#2544,#572);
#392=LINE('',#2549,#573);
#393=LINE('',#2551,#574);
#394=LINE('',#2552,#575);
#395=LINE('',#2556,#576);
#396=LINE('',#2557,#577);
#397=LINE('',#2558,#578);
#398=LINE('',#2561,#579);
#399=LINE('',#2563,#580);
#400=LINE('',#2564,#581);
#401=LINE('',#2568,#582);
#402=LINE('',#2573,#583);
#403=LINE('',#2575,#584);
#404=LINE('',#2576,#585);
#405=LINE('',#2580,#586);
#406=LINE('',#2581,#587);
#407=LINE('',#2582,#588);
#408=LINE('',#2587,#589);
#409=LINE('',#2592,#590);
#410=LINE('',#2596,#591);
#411=LINE('',#2597,#592);
#412=LINE('',#2600,#593);
#413=LINE('',#2603,#594);
#414=LINE('',#2606,#595);
#415=LINE('',#2607,#596);
#416=LINE('',#2610,#597);
#417=LINE('',#2614,#598);
#418=LINE('',#2615,#599);
#419=LINE('',#2618,#600);
#420=LINE('',#2623,#601);
#421=LINE('',#2627,#602);
#422=LINE('',#2631,#603);
#423=LINE('',#2633,#604);
#424=LINE('',#2635,#605);
#425=LINE('',#2639,#606);
#426=LINE('',#2643,#607);
#427=LINE('',#2644,#608);
#428=LINE('',#2650,#609);
#429=LINE('',#2652,#610);
#430=LINE('',#2654,#611);
#431=LINE('',#2655,#612);
#432=LINE('',#2660,#613);
#433=LINE('',#2665,#614);
#434=LINE('',#2671,#615);
#435=LINE('',#2672,#616);
#436=LINE('',#2673,#617);
#437=LINE('',#2677,#618);
#438=LINE('',#2678,#619);
#439=LINE('',#2679,#620);
#440=LINE('',#2682,#621);
#441=LINE('',#2684,#622);
#442=LINE('',#2688,#623);
#443=LINE('',#2692,#624);
#444=LINE('',#2693,#625);
#445=LINE('',#2695,#626);
#446=LINE('',#2697,#627);
#447=LINE('',#2699,#628);
#448=LINE('',#2700,#629);
#449=LINE('',#2704,#630);
#450=LINE('',#2706,#631);
#451=LINE('',#2708,#632);
#452=LINE('',#2709,#633);
#453=LINE('',#2714,#634);
#454=LINE('',#2719,#635);
#455=LINE('',#2724,#636);
#456=LINE('',#2726,#637);
#457=LINE('',#2727,#638);
#458=LINE('',#2731,#639);
#459=LINE('',#2732,#640);
#460=LINE('',#2733,#641);
#461=LINE('',#2738,#642);
#462=LINE('',#2743,#643);
#463=LINE('',#2747,#644);
#464=LINE('',#2748,#645);
#465=LINE('',#2750,#646);
#466=LINE('',#2751,#647);
#467=LINE('',#2753,#648);
#468=LINE('',#2754,#649);
#469=LINE('',#2756,#650);
#470=LINE('',#2758,#651);
#471=LINE('',#2762,#652);
#472=LINE('',#2764,#653);
#473=LINE('',#2765,#654);
#474=LINE('',#2768,#655);
#475=LINE('',#2769,#656);
#476=LINE('',#2771,#657);
#477=LINE('',#2772,#658);
#478=LINE('',#2775,#659);
#479=LINE('',#2776,#660);
#480=LINE('',#2779,#661);
#481=LINE('',#2783,#662);
#482=LINE('',#2787,#663);
#483=LINE('',#2789,#664);
#484=LINE('',#2790,#665);
#485=LINE('',#2794,#666);
#486=LINE('',#2800,#667);
#487=LINE('',#2801,#668);
#488=LINE('',#2802,#669);
#489=LINE('',#2806,#670);
#490=LINE('',#2812,#671);
#491=LINE('',#2813,#672);
#492=LINE('',#2814,#673);
#493=LINE('',#2816,#674);
#494=LINE('',#2817,#675);
#495=LINE('',#2819,#676);
#496=LINE('',#2821,#677);
#497=LINE('',#2823,#678);
#498=LINE('',#2826,#679);
#499=LINE('',#2828,#680);
#500=LINE('',#2830,#681);
#501=LINE('',#2832,#682);
#502=LINE('',#2834,#683);
#503=LINE('',#2836,#684);
#504=LINE('',#2838,#685);
#505=LINE('',#2840,#686);
#506=LINE('',#2845,#687);
#507=LINE('',#2847,#688);
#508=VECTOR('',#1882,10.);
#509=VECTOR('',#1883,10.);
#510=VECTOR('',#1884,10.);
#511=VECTOR('',#1885,10.);
#512=VECTOR('',#1890,10.);
#513=VECTOR('',#1895,10.);
#514=VECTOR('',#1902,10.);
#515=VECTOR('',#1903,10.);
#516=VECTOR('',#1904,10.);
#517=VECTOR('',#1907,10.);
#518=VECTOR('',#1908,10.);
#519=VECTOR('',#1909,10.);
#520=VECTOR('',#1912,10.);
#521=VECTOR('',#1913,10.);
#522=VECTOR('',#1914,10.);
#523=VECTOR('',#1915,10.);
#524=VECTOR('',#1916,10.);
#525=VECTOR('',#1917,10.);
#526=VECTOR('',#1920,10.);
#527=VECTOR('',#1921,10.);
#528=VECTOR('',#1924,10.);
#529=VECTOR('',#1929,10.);
#530=VECTOR('',#1930,10.);
#531=VECTOR('',#1935,2.6);
#532=VECTOR('',#1942,1.6);
#533=VECTOR('',#1945,10.);
#534=VECTOR('',#1948,10.);
#535=VECTOR('',#1951,10.);
#536=VECTOR('',#1952,10.);
#537=VECTOR('',#1955,10.);
#538=VECTOR('',#1956,10.);
#539=VECTOR('',#1957,10.);
#540=VECTOR('',#1962,10.);
#541=VECTOR('',#1965,10.);
#542=VECTOR('',#1966,10.);
#543=VECTOR('',#1971,10.);
#544=VECTOR('',#1974,10.);
#545=VECTOR('',#1977,10.);
#546=VECTOR('',#1978,10.);
#547=VECTOR('',#1979,10.);
#548=VECTOR('',#1982,10.);
#549=VECTOR('',#1987,10.);
#550=VECTOR('',#1988,10.);
#551=VECTOR('',#1991,10.);
#552=VECTOR('',#1996,10.);
#553=VECTOR('',#1999,10.);
#554=VECTOR('',#2000,10.);
#555=VECTOR('',#2001,10.);
#556=VECTOR('',#2004,10.);
#557=VECTOR('',#2005,10.);
#558=VECTOR('',#2008,10.);
#559=VECTOR('',#2009,10.);
#560=VECTOR('',#2012,10.);
#561=VECTOR('',#2017,10.);
#562=VECTOR('',#2018,10.);
#563=VECTOR('',#2021,10.);
#564=VECTOR('',#2026,10.);
#565=VECTOR('',#2037,10.);
#566=VECTOR('',#2038,10.);
#567=VECTOR('',#2039,10.);
#568=VECTOR('',#2040,10.);
#569=VECTOR('',#2043,10.);
#570=VECTOR('',#2044,10.);
#571=VECTOR('',#2045,10.);
#572=VECTOR('',#2048,10.);
#573=VECTOR('',#2055,10.);
#574=VECTOR('',#2056,10.);
#575=VECTOR('',#2057,10.);
#576=VECTOR('',#2060,10.);
#577=VECTOR('',#2061,10.);
#578=VECTOR('',#2062,10.);
#579=VECTOR('',#2065,10.);
#580=VECTOR('',#2066,10.);
#581=VECTOR('',#2067,10.);
#582=VECTOR('',#2070,10.);
#583=VECTOR('',#2077,10.);
#584=VECTOR('',#2078,10.);
#585=VECTOR('',#2079,10.);
#586=VECTOR('',#2082,10.);
#587=VECTOR('',#2083,10.);
#588=VECTOR('',#2084,10.);
#589=VECTOR('',#2089,10.);
#590=VECTOR('',#2094,10.);
#591=VECTOR('',#2101,10.);
#592=VECTOR('',#2102,10.);
#593=VECTOR('',#2105,10.);
#594=VECTOR('',#2108,10.);
#595=VECTOR('',#2111,10.);
#596=VECTOR('',#2112,10.);
#597=VECTOR('',#2115,10.);
#598=VECTOR('',#2120,10.);
#599=VECTOR('',#2121,10.);
#600=VECTOR('',#2124,10.);
#601=VECTOR('',#2129,10.);
#602=VECTOR('',#2132,10.);
#603=VECTOR('',#2135,10.);
#604=VECTOR('',#2136,10.);
#605=VECTOR('',#2137,10.);
#606=VECTOR('',#2140,10.);
#607=VECTOR('',#2143,10.);
#608=VECTOR('',#2144,10.);
#609=VECTOR('',#2149,10.);
#610=VECTOR('',#2150,10.);
#611=VECTOR('',#2151,10.);
#612=VECTOR('',#2152,10.);
#613=VECTOR('',#2157,10.);
#614=VECTOR('',#2162,10.);
#615=VECTOR('',#2169,10.);
#616=VECTOR('',#2170,10.);
#617=VECTOR('',#2171,10.);
#618=VECTOR('',#2174,10.);
#619=VECTOR('',#2175,10.);
#620=VECTOR('',#2176,10.);
#621=VECTOR('',#2179,10.);
#622=VECTOR('',#2180,10.);
#623=VECTOR('',#2183,10.);
#624=VECTOR('',#2186,10.);
#625=VECTOR('',#2187,10.);
#626=VECTOR('',#2190,10.);
#627=VECTOR('',#2191,10.);
#628=VECTOR('',#2192,10.);
#629=VECTOR('',#2193,10.);
#630=VECTOR('',#2196,10.);
#631=VECTOR('',#2197,10.);
#632=VECTOR('',#2198,10.);
#633=VECTOR('',#2199,10.);
#634=VECTOR('',#2204,10.);
#635=VECTOR('',#2209,10.);
#636=VECTOR('',#2216,10.);
#637=VECTOR('',#2217,10.);
#638=VECTOR('',#2218,10.);
#639=VECTOR('',#2221,10.);
#640=VECTOR('',#2222,10.);
#641=VECTOR('',#2223,10.);
#642=VECTOR('',#2228,10.);
#643=VECTOR('',#2233,10.);
#644=VECTOR('',#2240,10.);
#645=VECTOR('',#2241,10.);
#646=VECTOR('',#2244,10.);
#647=VECTOR('',#2245,10.);
#648=VECTOR('',#2248,10.);
#649=VECTOR('',#2249,10.);
#650=VECTOR('',#2252,10.);
#651=VECTOR('',#2255,10.);
#652=VECTOR('',#2260,10.);
#653=VECTOR('',#2261,10.);
#654=VECTOR('',#2262,10.);
#655=VECTOR('',#2265,10.);
#656=VECTOR('',#2266,10.);
#657=VECTOR('',#2267,10.);
#658=VECTOR('',#2268,10.);
#659=VECTOR('',#2271,10.);
#660=VECTOR('',#2272,10.);
#661=VECTOR('',#2275,1.99999999999999);
#662=VECTOR('',#2282,10.);
#663=VECTOR('',#2287,10.);
#664=VECTOR('',#2288,10.);
#665=VECTOR('',#2289,10.);
#666=VECTOR('',#2292,10.);
#667=VECTOR('',#2299,10.);
#668=VECTOR('',#2300,10.);
#669=VECTOR('',#2301,10.);
#670=VECTOR('',#2304,10.);
#671=VECTOR('',#2311,10.);
#672=VECTOR('',#2312,10.);
#673=VECTOR('',#2313,10.);
#674=VECTOR('',#2316,10.);
#675=VECTOR('',#2317,10.);
#676=VECTOR('',#2320,10.);
#677=VECTOR('',#2323,10.);
#678=VECTOR('',#2326,10.);
#679=VECTOR('',#2331,10.);
#680=VECTOR('',#2334,10.);
#681=VECTOR('',#2337,10.);
#682=VECTOR('',#2340,10.);
#683=VECTOR('',#2343,10.);
#684=VECTOR('',#2346,10.);
#685=VECTOR('',#2349,10.);
#686=VECTOR('',#2352,10.);
#687=VECTOR('',#2359,10.);
#688=VECTOR('',#2362,10.);
#689=VERTEX_POINT('',#2376);
#690=VERTEX_POINT('',#2377);
#691=VERTEX_POINT('',#2379);
#692=VERTEX_POINT('',#2381);
#693=VERTEX_POINT('',#2385);
#694=VERTEX_POINT('',#2387);
#695=VERTEX_POINT('',#2391);
#696=VERTEX_POINT('',#2392);
#697=VERTEX_POINT('',#2397);
#698=VERTEX_POINT('',#2398);
#699=VERTEX_POINT('',#2403);
#700=VERTEX_POINT('',#2404);
#701=VERTEX_POINT('',#2409);
#702=VERTEX_POINT('',#2411);
#703=VERTEX_POINT('',#2413);
#704=VERTEX_POINT('',#2415);
#705=VERTEX_POINT('',#2417);
#706=VERTEX_POINT('',#2421);
#707=VERTEX_POINT('',#2425);
#708=VERTEX_POINT('',#2429);
#709=VERTEX_POINT('',#2433);
#710=VERTEX_POINT('',#2435);
#711=VERTEX_POINT('',#2439);
#712=VERTEX_POINT('',#2443);
#713=VERTEX_POINT('',#2445);
#714=VERTEX_POINT('',#2447);
#715=VERTEX_POINT('',#2449);
#716=VERTEX_POINT('',#2451);
#717=VERTEX_POINT('',#2455);
#718=VERTEX_POINT('',#2456);
#719=VERTEX_POINT('',#2461);
#720=VERTEX_POINT('',#2465);
#721=VERTEX_POINT('',#2469);
#722=VERTEX_POINT('',#2475);
#723=VERTEX_POINT('',#2477);
#724=VERTEX_POINT('',#2481);
#725=VERTEX_POINT('',#2485);
#726=VERTEX_POINT('',#2489);
#727=VERTEX_POINT('',#2495);
#728=VERTEX_POINT('',#2497);
#729=VERTEX_POINT('',#2501);
#730=VERTEX_POINT('',#2505);
#731=VERTEX_POINT('',#2509);
#732=VERTEX_POINT('',#2513);
#733=VERTEX_POINT('',#2517);
#734=VERTEX_POINT('',#2527);
#735=VERTEX_POINT('',#2528);
#736=VERTEX_POINT('',#2530);
#737=VERTEX_POINT('',#2532);
#738=VERTEX_POINT('',#2536);
#739=VERTEX_POINT('',#2538);
#740=VERTEX_POINT('',#2542);
#741=VERTEX_POINT('',#2543);
#742=VERTEX_POINT('',#2548);
#743=VERTEX_POINT('',#2550);
#744=VERTEX_POINT('',#2554);
#745=VERTEX_POINT('',#2555);
#746=VERTEX_POINT('',#2560);
#747=VERTEX_POINT('',#2562);
#748=VERTEX_POINT('',#2566);
#749=VERTEX_POINT('',#2567);
#750=VERTEX_POINT('',#2572);
#751=VERTEX_POINT('',#2574);
#752=VERTEX_POINT('',#2578);
#753=VERTEX_POINT('',#2579);
#754=VERTEX_POINT('',#2584);
#755=VERTEX_POINT('',#2586);
#756=VERTEX_POINT('',#2590);
#757=VERTEX_POINT('',#2591);
#758=VERTEX_POINT('',#2599);
#759=VERTEX_POINT('',#2601);
#760=VERTEX_POINT('',#2605);
#761=VERTEX_POINT('',#2609);
#762=VERTEX_POINT('',#2613);
#763=VERTEX_POINT('',#2617);
#764=VERTEX_POINT('',#2621);
#765=VERTEX_POINT('',#2622);
#766=VERTEX_POINT('',#2624);
#767=VERTEX_POINT('',#2626);
#768=VERTEX_POINT('',#2628);
#769=VERTEX_POINT('',#2630);
#770=VERTEX_POINT('',#2632);
#771=VERTEX_POINT('',#2634);
#772=VERTEX_POINT('',#2636);
#773=VERTEX_POINT('',#2638);
#774=VERTEX_POINT('',#2640);
#775=VERTEX_POINT('',#2642);
#776=VERTEX_POINT('',#2645);
#777=VERTEX_POINT('',#2648);
#778=VERTEX_POINT('',#2649);
#779=VERTEX_POINT('',#2651);
#780=VERTEX_POINT('',#2653);
#781=VERTEX_POINT('',#2657);
#782=VERTEX_POINT('',#2659);
#783=VERTEX_POINT('',#2663);
#784=VERTEX_POINT('',#2664);
#785=VERTEX_POINT('',#2669);
#786=VERTEX_POINT('',#2670);
#787=VERTEX_POINT('',#2675);
#788=VERTEX_POINT('',#2676);
#789=VERTEX_POINT('',#2681);
#790=VERTEX_POINT('',#2683);
#791=VERTEX_POINT('',#2685);
#792=VERTEX_POINT('',#2687);
#793=VERTEX_POINT('',#2689);
#794=VERTEX_POINT('',#2691);
#795=VERTEX_POINT('',#2696);
#796=VERTEX_POINT('',#2698);
#797=VERTEX_POINT('',#2702);
#798=VERTEX_POINT('',#2703);
#799=VERTEX_POINT('',#2705);
#800=VERTEX_POINT('',#2707);
#801=VERTEX_POINT('',#2711);
#802=VERTEX_POINT('',#2713);
#803=VERTEX_POINT('',#2717);
#804=VERTEX_POINT('',#2718);
#805=VERTEX_POINT('',#2723);
#806=VERTEX_POINT('',#2725);
#807=VERTEX_POINT('',#2729);
#808=VERTEX_POINT('',#2730);
#809=VERTEX_POINT('',#2735);
#810=VERTEX_POINT('',#2737);
#811=VERTEX_POINT('',#2741);
#812=VERTEX_POINT('',#2742);
#813=VERTEX_POINT('',#2761);
#814=VERTEX_POINT('',#2763);
#815=VERTEX_POINT('',#2767);
#816=VERTEX_POINT('',#2770);
#817=VERTEX_POINT('',#2774);
#818=VERTEX_POINT('',#2778);
#819=VERTEX_POINT('',#2786);
#820=VERTEX_POINT('',#2788);
#821=VERTEX_POINT('',#2792);
#822=VERTEX_POINT('',#2793);
#823=VERTEX_POINT('',#2798);
#824=VERTEX_POINT('',#2799);
#825=VERTEX_POINT('',#2804);
#826=VERTEX_POINT('',#2805);
#827=VERTEX_POINT('',#2810);
#828=VERTEX_POINT('',#2811);
#829=VERTEX_POINT('',#2843);
#830=EDGE_CURVE('',#689,#690,#327,.T.);
#831=EDGE_CURVE('',#690,#691,#328,.T.);
#832=EDGE_CURVE('',#691,#692,#329,.T.);
#833=EDGE_CURVE('',#692,#689,#330,.T.);
#834=EDGE_CURVE('',#691,#693,#55,.T.);
#835=EDGE_CURVE('',#693,#694,#331,.T.);
#836=EDGE_CURVE('',#694,#692,#56,.T.);
#837=EDGE_CURVE('',#695,#696,#332,.T.);
#838=EDGE_CURVE('',#696,#690,#57,.T.);
#839=EDGE_CURVE('',#689,#695,#58,.T.);
#840=EDGE_CURVE('',#697,#698,#333,.T.);
#841=EDGE_CURVE('',#698,#694,#334,.T.);
#842=EDGE_CURVE('',#693,#697,#335,.T.);
#843=EDGE_CURVE('',#699,#700,#336,.T.);
#844=EDGE_CURVE('',#700,#696,#337,.T.);
#845=EDGE_CURVE('',#695,#699,#338,.T.);
#846=EDGE_CURVE('',#701,#699,#339,.T.);
#847=EDGE_CURVE('',#702,#701,#340,.T.);
#848=EDGE_CURVE('',#702,#703,#341,.T.);
#849=EDGE_CURVE('',#704,#703,#342,.F.);
#850=EDGE_CURVE('',#704,#705,#343,.T.);
#851=EDGE_CURVE('',#700,#705,#344,.T.);
#852=EDGE_CURVE('',#706,#695,#345,.T.);
#853=EDGE_CURVE('',#706,#701,#346,.T.);
#854=EDGE_CURVE('',#707,#689,#347,.T.);
#855=EDGE_CURVE('',#707,#706,#59,.T.);
#856=EDGE_CURVE('',#708,#692,#348,.T.);
#857=EDGE_CURVE('',#708,#707,#349,.T.);
#858=EDGE_CURVE('',#709,#709,#60,.T.);
#859=EDGE_CURVE('',#709,#710,#350,.T.);
#860=EDGE_CURVE('',#710,#710,#61,.T.);
#861=EDGE_CURVE('',#711,#711,#62,.T.);
#862=EDGE_CURVE('',#711,#710,#351,.T.);
#863=EDGE_CURVE('',#705,#712,#352,.T.);
#864=EDGE_CURVE('',#712,#713,#63,.T.);
#865=EDGE_CURVE('',#713,#714,#353,.T.);
#866=EDGE_CURVE('',#714,#715,#64,.T.);
#867=EDGE_CURVE('',#715,#716,#354,.T.);
#868=EDGE_CURVE('',#716,#697,#355,.T.);
#869=EDGE_CURVE('',#717,#718,#356,.T.);
#870=EDGE_CURVE('',#717,#716,#357,.T.);
#871=EDGE_CURVE('',#718,#715,#358,.T.);
#872=EDGE_CURVE('',#718,#719,#65,.T.);
#873=EDGE_CURVE('',#719,#714,#359,.T.);
#874=EDGE_CURVE('',#719,#720,#360,.T.);
#875=EDGE_CURVE('',#720,#713,#361,.T.);
#876=EDGE_CURVE('',#720,#721,#66,.T.);
#877=EDGE_CURVE('',#721,#712,#362,.T.);
#878=EDGE_CURVE('',#721,#704,#363,.T.);
#879=EDGE_CURVE('',#722,#717,#364,.F.);
#880=EDGE_CURVE('',#718,#723,#365,.T.);
#881=EDGE_CURVE('',#723,#722,#366,.T.);
#882=EDGE_CURVE('',#719,#724,#367,.T.);
#883=EDGE_CURVE('',#724,#723,#67,.T.);
#884=EDGE_CURVE('',#720,#725,#368,.T.);
#885=EDGE_CURVE('',#725,#724,#369,.T.);
#886=EDGE_CURVE('',#721,#726,#370,.T.);
#887=EDGE_CURVE('',#726,#725,#68,.T.);
#888=EDGE_CURVE('',#703,#726,#371,.T.);
#889=EDGE_CURVE('',#727,#698,#372,.T.);
#890=EDGE_CURVE('',#727,#728,#373,.T.);
#891=EDGE_CURVE('',#728,#694,#374,.T.);
#892=EDGE_CURVE('',#729,#722,#375,.T.);
#893=EDGE_CURVE('',#727,#729,#376,.T.);
#894=EDGE_CURVE('',#730,#723,#377,.T.);
#895=EDGE_CURVE('',#730,#729,#378,.T.);
#896=EDGE_CURVE('',#731,#724,#379,.T.);
#897=EDGE_CURVE('',#731,#730,#69,.T.);
#898=EDGE_CURVE('',#732,#725,#380,.T.);
#899=EDGE_CURVE('',#732,#731,#381,.T.);
#900=EDGE_CURVE('',#733,#726,#382,.T.);
#901=EDGE_CURVE('',#733,#732,#70,.T.);
#902=EDGE_CURVE('',#702,#733,#383,.T.);
#903=EDGE_CURVE('',#728,#708,#71,.T.);
#904=EDGE_CURVE('',#734,#735,#384,.T.);
#905=EDGE_CURVE('',#735,#736,#385,.T.);
#906=EDGE_CURVE('',#736,#737,#386,.T.);
#907=EDGE_CURVE('',#737,#734,#387,.T.);
#908=EDGE_CURVE('',#738,#734,#388,.T.);
#909=EDGE_CURVE('',#737,#739,#389,.T.);
#910=EDGE_CURVE('',#739,#738,#390,.T.);
#911=EDGE_CURVE('',#740,#741,#391,.T.);
#912=EDGE_CURVE('',#741,#736,#72,.T.);
#913=EDGE_CURVE('',#735,#740,#73,.T.);
#914=EDGE_CURVE('',#742,#738,#392,.T.);
#915=EDGE_CURVE('',#739,#743,#393,.T.);
#916=EDGE_CURVE('',#743,#742,#394,.T.);
#917=EDGE_CURVE('',#744,#745,#395,.T.);
#918=EDGE_CURVE('',#745,#741,#396,.T.);
#919=EDGE_CURVE('',#740,#744,#397,.T.);
#920=EDGE_CURVE('',#746,#742,#398,.T.);
#921=EDGE_CURVE('',#743,#747,#399,.T.);
#922=EDGE_CURVE('',#747,#746,#400,.T.);
#923=EDGE_CURVE('',#748,#749,#401,.T.);
#924=EDGE_CURVE('',#749,#745,#74,.T.);
#925=EDGE_CURVE('',#744,#748,#75,.T.);
#926=EDGE_CURVE('',#747,#750,#402,.T.);
#927=EDGE_CURVE('',#750,#751,#403,.T.);
#928=EDGE_CURVE('',#751,#746,#404,.T.);
#929=EDGE_CURVE('',#752,#753,#405,.T.);
#930=EDGE_CURVE('',#753,#749,#406,.T.);
#931=EDGE_CURVE('',#748,#752,#407,.T.);
#932=EDGE_CURVE('',#750,#754,#76,.T.);
#933=EDGE_CURVE('',#754,#755,#408,.T.);
#934=EDGE_CURVE('',#755,#751,#77,.T.);
#935=EDGE_CURVE('',#756,#757,#409,.T.);
#936=EDGE_CURVE('',#757,#753,#78,.T.);
#937=EDGE_CURVE('',#752,#756,#79,.T.);
#938=EDGE_CURVE('',#754,#757,#410,.T.);
#939=EDGE_CURVE('',#756,#755,#411,.T.);
#940=EDGE_CURVE('',#758,#752,#412,.T.);
#941=EDGE_CURVE('',#758,#759,#80,.T.);
#942=EDGE_CURVE('',#759,#756,#413,.T.);
#943=EDGE_CURVE('',#760,#748,#414,.T.);
#944=EDGE_CURVE('',#760,#758,#415,.T.);
#945=EDGE_CURVE('',#761,#744,#416,.T.);
#946=EDGE_CURVE('',#761,#760,#81,.T.);
#947=EDGE_CURVE('',#762,#740,#417,.T.);
#948=EDGE_CURVE('',#762,#761,#418,.T.);
#949=EDGE_CURVE('',#763,#735,#419,.T.);
#950=EDGE_CURVE('',#763,#762,#82,.T.);
#951=EDGE_CURVE('',#764,#765,#420,.T.);
#952=EDGE_CURVE('',#765,#766,#83,.T.);
#953=EDGE_CURVE('',#766,#767,#421,.T.);
#954=EDGE_CURVE('',#767,#768,#84,.T.);
#955=EDGE_CURVE('',#768,#769,#422,.T.);
#956=EDGE_CURVE('',#770,#769,#423,.T.);
#957=EDGE_CURVE('',#771,#770,#424,.T.);
#958=EDGE_CURVE('',#772,#771,#85,.T.);
#959=EDGE_CURVE('',#773,#772,#425,.T.);
#960=EDGE_CURVE('',#774,#773,#86,.T.);
#961=EDGE_CURVE('',#775,#774,#426,.T.);
#962=EDGE_CURVE('',#764,#775,#427,.T.);
#963=EDGE_CURVE('',#776,#776,#87,.T.);
#964=EDGE_CURVE('',#777,#778,#428,.T.);
#965=EDGE_CURVE('',#778,#779,#429,.T.);
#966=EDGE_CURVE('',#779,#780,#430,.T.);
#967=EDGE_CURVE('',#780,#777,#431,.T.);
#968=EDGE_CURVE('',#779,#781,#88,.T.);
#969=EDGE_CURVE('',#781,#782,#432,.T.);
#970=EDGE_CURVE('',#782,#780,#89,.T.);
#971=EDGE_CURVE('',#783,#784,#433,.T.);
#972=EDGE_CURVE('',#784,#778,#90,.T.);
#973=EDGE_CURVE('',#777,#783,#91,.T.);
#974=EDGE_CURVE('',#785,#786,#434,.T.);
#975=EDGE_CURVE('',#786,#782,#435,.T.);
#976=EDGE_CURVE('',#781,#785,#436,.T.);
#977=EDGE_CURVE('',#787,#788,#437,.T.);
#978=EDGE_CURVE('',#788,#784,#438,.T.);
#979=EDGE_CURVE('',#783,#787,#439,.T.);
#980=EDGE_CURVE('',#788,#789,#440,.T.);
#981=EDGE_CURVE('',#789,#790,#441,.T.);
#982=EDGE_CURVE('',#790,#791,#92,.T.);
#983=EDGE_CURVE('',#791,#792,#442,.T.);
#984=EDGE_CURVE('',#792,#793,#93,.T.);
#985=EDGE_CURVE('',#793,#794,#443,.T.);
#986=EDGE_CURVE('',#794,#785,#444,.T.);
#987=EDGE_CURVE('',#770,#787,#445,.T.);
#988=EDGE_CURVE('',#795,#769,#446,.T.);
#989=EDGE_CURVE('',#796,#795,#447,.T.);
#990=EDGE_CURVE('',#789,#796,#448,.T.);
#991=EDGE_CURVE('',#797,#798,#449,.T.);
#992=EDGE_CURVE('',#798,#799,#450,.T.);
#993=EDGE_CURVE('',#799,#800,#451,.T.);
#994=EDGE_CURVE('',#800,#797,#452,.T.);
#995=EDGE_CURVE('',#799,#801,#94,.T.);
#996=EDGE_CURVE('',#801,#802,#453,.T.);
#997=EDGE_CURVE('',#802,#800,#95,.T.);
#998=EDGE_CURVE('',#803,#804,#454,.T.);
#999=EDGE_CURVE('',#804,#798,#96,.T.);
#1000=EDGE_CURVE('',#797,#803,#97,.T.);
#1001=EDGE_CURVE('',#801,#805,#455,.T.);
#1002=EDGE_CURVE('',#805,#806,#456,.T.);
#1003=EDGE_CURVE('',#806,#802,#457,.T.);
#1004=EDGE_CURVE('',#807,#808,#458,.T.);
#1005=EDGE_CURVE('',#808,#804,#459,.T.);
#1006=EDGE_CURVE('',#803,#807,#460,.T.);
#1007=EDGE_CURVE('',#805,#809,#98,.T.);
#1008=EDGE_CURVE('',#809,#810,#461,.T.);
#1009=EDGE_CURVE('',#810,#806,#99,.T.);
#1010=EDGE_CURVE('',#811,#812,#462,.T.);
#1011=EDGE_CURVE('',#812,#808,#100,.T.);
#1012=EDGE_CURVE('',#807,#811,#101,.T.);
#1013=EDGE_CURVE('',#809,#812,#463,.T.);
#1014=EDGE_CURVE('',#811,#810,#464,.T.);
#1015=EDGE_CURVE('',#805,#774,#465,.T.);
#1016=EDGE_CURVE('',#809,#773,#466,.T.);
#1017=EDGE_CURVE('',#786,#775,#467,.T.);
#1018=EDGE_CURVE('',#801,#782,#468,.T.);
#1019=EDGE_CURVE('',#799,#780,#469,.T.);
#1020=EDGE_CURVE('',#798,#777,#470,.T.);
#1021=EDGE_CURVE('',#813,#738,#471,.T.);
#1022=EDGE_CURVE('',#813,#814,#472,.T.);
#1023=EDGE_CURVE('',#814,#734,#473,.T.);
#1024=EDGE_CURVE('',#815,#751,#474,.T.);
#1025=EDGE_CURVE('',#815,#763,#475,.T.);
#1026=EDGE_CURVE('',#816,#814,#476,.T.);
#1027=EDGE_CURVE('',#746,#816,#477,.T.);
#1028=EDGE_CURVE('',#816,#817,#478,.T.);
#1029=EDGE_CURVE('',#742,#817,#479,.T.);
#1030=EDGE_CURVE('',#776,#818,#480,.T.);
#1031=EDGE_CURVE('',#818,#818,#102,.T.);
#1032=EDGE_CURVE('',#817,#813,#481,.T.);
#1033=EDGE_CURVE('',#795,#819,#482,.T.);
#1034=EDGE_CURVE('',#819,#820,#483,.T.);
#1035=EDGE_CURVE('',#796,#820,#484,.T.);
#1036=EDGE_CURVE('',#821,#822,#485,.T.);
#1037=EDGE_CURVE('',#820,#822,#103,.T.);
#1038=EDGE_CURVE('',#819,#821,#104,.T.);
#1039=EDGE_CURVE('',#823,#824,#486,.T.);
#1040=EDGE_CURVE('',#822,#824,#487,.T.);
#1041=EDGE_CURVE('',#821,#823,#488,.T.);
#1042=EDGE_CURVE('',#825,#826,#489,.T.);
#1043=EDGE_CURVE('',#824,#826,#105,.T.);
#1044=EDGE_CURVE('',#823,#825,#106,.T.);
#1045=EDGE_CURVE('',#827,#828,#490,.T.);
#1046=EDGE_CURVE('',#826,#828,#491,.T.);
#1047=EDGE_CURVE('',#825,#827,#492,.T.);
#1048=EDGE_CURVE('',#765,#825,#493,.T.);
#1049=EDGE_CURVE('',#764,#827,#494,.T.);
#1050=EDGE_CURVE('',#766,#823,#495,.T.);
#1051=EDGE_CURVE('',#767,#821,#496,.T.);
#1052=EDGE_CURVE('',#768,#819,#497,.T.);
#1053=EDGE_CURVE('',#828,#794,#498,.T.);
#1054=EDGE_CURVE('',#812,#772,#499,.T.);
#1055=EDGE_CURVE('',#808,#771,#500,.T.);
#1056=EDGE_CURVE('',#804,#783,#501,.T.);
#1057=EDGE_CURVE('',#820,#790,#502,.T.);
#1058=EDGE_CURVE('',#826,#793,#503,.T.);
#1059=EDGE_CURVE('',#824,#792,#504,.T.);
#1060=EDGE_CURVE('',#822,#791,#505,.T.);
#1061=EDGE_CURVE('',#829,#815,#107,.T.);
#1062=EDGE_CURVE('',#759,#829,#506,.T.);
#1063=EDGE_CURVE('',#829,#755,#507,.T.);
#1064=ORIENTED_EDGE('',*,*,#830,.T.);
#1065=ORIENTED_EDGE('',*,*,#831,.T.);
#1066=ORIENTED_EDGE('',*,*,#832,.T.);
#1067=ORIENTED_EDGE('',*,*,#833,.T.);
#1068=ORIENTED_EDGE('',*,*,#832,.F.);
#1069=ORIENTED_EDGE('',*,*,#834,.T.);
#1070=ORIENTED_EDGE('',*,*,#835,.T.);
#1071=ORIENTED_EDGE('',*,*,#836,.T.);
#1072=ORIENTED_EDGE('',*,*,#837,.T.);
#1073=ORIENTED_EDGE('',*,*,#838,.T.);
#1074=ORIENTED_EDGE('',*,*,#830,.F.);
#1075=ORIENTED_EDGE('',*,*,#839,.T.);
#1076=ORIENTED_EDGE('',*,*,#840,.T.);
#1077=ORIENTED_EDGE('',*,*,#841,.T.);
#1078=ORIENTED_EDGE('',*,*,#835,.F.);
#1079=ORIENTED_EDGE('',*,*,#842,.T.);
#1080=ORIENTED_EDGE('',*,*,#843,.T.);
#1081=ORIENTED_EDGE('',*,*,#844,.T.);
#1082=ORIENTED_EDGE('',*,*,#837,.F.);
#1083=ORIENTED_EDGE('',*,*,#845,.T.);
#1084=ORIENTED_EDGE('',*,*,#843,.F.);
#1085=ORIENTED_EDGE('',*,*,#846,.F.);
#1086=ORIENTED_EDGE('',*,*,#847,.F.);
#1087=ORIENTED_EDGE('',*,*,#848,.T.);
#1088=ORIENTED_EDGE('',*,*,#849,.F.);
#1089=ORIENTED_EDGE('',*,*,#850,.T.);
#1090=ORIENTED_EDGE('',*,*,#851,.F.);
#1091=ORIENTED_EDGE('',*,*,#845,.F.);
#1092=ORIENTED_EDGE('',*,*,#852,.F.);
#1093=ORIENTED_EDGE('',*,*,#853,.T.);
#1094=ORIENTED_EDGE('',*,*,#846,.T.);
#1095=ORIENTED_EDGE('',*,*,#839,.F.);
#1096=ORIENTED_EDGE('',*,*,#854,.F.);
#1097=ORIENTED_EDGE('',*,*,#855,.T.);
#1098=ORIENTED_EDGE('',*,*,#852,.T.);
#1099=ORIENTED_EDGE('',*,*,#833,.F.);
#1100=ORIENTED_EDGE('',*,*,#856,.F.);
#1101=ORIENTED_EDGE('',*,*,#857,.T.);
#1102=ORIENTED_EDGE('',*,*,#854,.T.);
#1103=ORIENTED_EDGE('',*,*,#858,.T.);
#1104=ORIENTED_EDGE('',*,*,#859,.T.);
#1105=ORIENTED_EDGE('',*,*,#860,.T.);
#1106=ORIENTED_EDGE('',*,*,#859,.F.);
#1107=ORIENTED_EDGE('',*,*,#861,.F.);
#1108=ORIENTED_EDGE('',*,*,#862,.T.);
#1109=ORIENTED_EDGE('',*,*,#860,.F.);
#1110=ORIENTED_EDGE('',*,*,#862,.F.);
#1111=ORIENTED_EDGE('',*,*,#844,.F.);
#1112=ORIENTED_EDGE('',*,*,#851,.T.);
#1113=ORIENTED_EDGE('',*,*,#863,.T.);
#1114=ORIENTED_EDGE('',*,*,#864,.T.);
#1115=ORIENTED_EDGE('',*,*,#865,.T.);
#1116=ORIENTED_EDGE('',*,*,#866,.T.);
#1117=ORIENTED_EDGE('',*,*,#867,.T.);
#1118=ORIENTED_EDGE('',*,*,#868,.T.);
#1119=ORIENTED_EDGE('',*,*,#842,.F.);
#1120=ORIENTED_EDGE('',*,*,#834,.F.);
#1121=ORIENTED_EDGE('',*,*,#831,.F.);
#1122=ORIENTED_EDGE('',*,*,#838,.F.);
#1123=ORIENTED_EDGE('',*,*,#858,.F.);
#1124=ORIENTED_EDGE('',*,*,#869,.F.);
#1125=ORIENTED_EDGE('',*,*,#870,.T.);
#1126=ORIENTED_EDGE('',*,*,#867,.F.);
#1127=ORIENTED_EDGE('',*,*,#871,.F.);
#1128=ORIENTED_EDGE('',*,*,#872,.F.);
#1129=ORIENTED_EDGE('',*,*,#871,.T.);
#1130=ORIENTED_EDGE('',*,*,#866,.F.);
#1131=ORIENTED_EDGE('',*,*,#873,.F.);
#1132=ORIENTED_EDGE('',*,*,#874,.F.);
#1133=ORIENTED_EDGE('',*,*,#873,.T.);
#1134=ORIENTED_EDGE('',*,*,#865,.F.);
#1135=ORIENTED_EDGE('',*,*,#875,.F.);
#1136=ORIENTED_EDGE('',*,*,#876,.F.);
#1137=ORIENTED_EDGE('',*,*,#875,.T.);
#1138=ORIENTED_EDGE('',*,*,#864,.F.);
#1139=ORIENTED_EDGE('',*,*,#877,.F.);
#1140=ORIENTED_EDGE('',*,*,#878,.F.);
#1141=ORIENTED_EDGE('',*,*,#877,.T.);
#1142=ORIENTED_EDGE('',*,*,#863,.F.);
#1143=ORIENTED_EDGE('',*,*,#850,.F.);
#1144=ORIENTED_EDGE('',*,*,#879,.T.);
#1145=ORIENTED_EDGE('',*,*,#869,.T.);
#1146=ORIENTED_EDGE('',*,*,#880,.T.);
#1147=ORIENTED_EDGE('',*,*,#881,.T.);
#1148=ORIENTED_EDGE('',*,*,#880,.F.);
#1149=ORIENTED_EDGE('',*,*,#872,.T.);
#1150=ORIENTED_EDGE('',*,*,#882,.T.);
#1151=ORIENTED_EDGE('',*,*,#883,.T.);
#1152=ORIENTED_EDGE('',*,*,#882,.F.);
#1153=ORIENTED_EDGE('',*,*,#874,.T.);
#1154=ORIENTED_EDGE('',*,*,#884,.T.);
#1155=ORIENTED_EDGE('',*,*,#885,.T.);
#1156=ORIENTED_EDGE('',*,*,#884,.F.);
#1157=ORIENTED_EDGE('',*,*,#876,.T.);
#1158=ORIENTED_EDGE('',*,*,#886,.T.);
#1159=ORIENTED_EDGE('',*,*,#887,.T.);
#1160=ORIENTED_EDGE('',*,*,#849,.T.);
#1161=ORIENTED_EDGE('',*,*,#888,.T.);
#1162=ORIENTED_EDGE('',*,*,#886,.F.);
#1163=ORIENTED_EDGE('',*,*,#878,.T.);
#1164=ORIENTED_EDGE('',*,*,#841,.F.);
#1165=ORIENTED_EDGE('',*,*,#889,.F.);
#1166=ORIENTED_EDGE('',*,*,#890,.T.);
#1167=ORIENTED_EDGE('',*,*,#891,.T.);
#1168=ORIENTED_EDGE('',*,*,#840,.F.);
#1169=ORIENTED_EDGE('',*,*,#868,.F.);
#1170=ORIENTED_EDGE('',*,*,#870,.F.);
#1171=ORIENTED_EDGE('',*,*,#879,.F.);
#1172=ORIENTED_EDGE('',*,*,#892,.F.);
#1173=ORIENTED_EDGE('',*,*,#893,.F.);
#1174=ORIENTED_EDGE('',*,*,#889,.T.);
#1175=ORIENTED_EDGE('',*,*,#881,.F.);
#1176=ORIENTED_EDGE('',*,*,#894,.F.);
#1177=ORIENTED_EDGE('',*,*,#895,.T.);
#1178=ORIENTED_EDGE('',*,*,#892,.T.);
#1179=ORIENTED_EDGE('',*,*,#883,.F.);
#1180=ORIENTED_EDGE('',*,*,#896,.F.);
#1181=ORIENTED_EDGE('',*,*,#897,.T.);
#1182=ORIENTED_EDGE('',*,*,#894,.T.);
#1183=ORIENTED_EDGE('',*,*,#885,.F.);
#1184=ORIENTED_EDGE('',*,*,#898,.F.);
#1185=ORIENTED_EDGE('',*,*,#899,.T.);
#1186=ORIENTED_EDGE('',*,*,#896,.T.);
#1187=ORIENTED_EDGE('',*,*,#887,.F.);
#1188=ORIENTED_EDGE('',*,*,#900,.F.);
#1189=ORIENTED_EDGE('',*,*,#901,.T.);
#1190=ORIENTED_EDGE('',*,*,#898,.T.);
#1191=ORIENTED_EDGE('',*,*,#888,.F.);
#1192=ORIENTED_EDGE('',*,*,#848,.F.);
#1193=ORIENTED_EDGE('',*,*,#902,.T.);
#1194=ORIENTED_EDGE('',*,*,#900,.T.);
#1195=ORIENTED_EDGE('',*,*,#836,.F.);
#1196=ORIENTED_EDGE('',*,*,#891,.F.);
#1197=ORIENTED_EDGE('',*,*,#903,.T.);
#1198=ORIENTED_EDGE('',*,*,#856,.T.);
#1199=ORIENTED_EDGE('',*,*,#903,.F.);
#1200=ORIENTED_EDGE('',*,*,#890,.F.);
#1201=ORIENTED_EDGE('',*,*,#893,.T.);
#1202=ORIENTED_EDGE('',*,*,#895,.F.);
#1203=ORIENTED_EDGE('',*,*,#897,.F.);
#1204=ORIENTED_EDGE('',*,*,#899,.F.);
#1205=ORIENTED_EDGE('',*,*,#901,.F.);
#1206=ORIENTED_EDGE('',*,*,#902,.F.);
#1207=ORIENTED_EDGE('',*,*,#847,.T.);
#1208=ORIENTED_EDGE('',*,*,#853,.F.);
#1209=ORIENTED_EDGE('',*,*,#855,.F.);
#1210=ORIENTED_EDGE('',*,*,#857,.F.);
#1211=ORIENTED_EDGE('',*,*,#861,.T.);
#1212=ORIENTED_EDGE('',*,*,#904,.T.);
#1213=ORIENTED_EDGE('',*,*,#905,.T.);
#1214=ORIENTED_EDGE('',*,*,#906,.T.);
#1215=ORIENTED_EDGE('',*,*,#907,.T.);
#1216=ORIENTED_EDGE('',*,*,#908,.T.);
#1217=ORIENTED_EDGE('',*,*,#907,.F.);
#1218=ORIENTED_EDGE('',*,*,#909,.T.);
#1219=ORIENTED_EDGE('',*,*,#910,.T.);
#1220=ORIENTED_EDGE('',*,*,#911,.T.);
#1221=ORIENTED_EDGE('',*,*,#912,.T.);
#1222=ORIENTED_EDGE('',*,*,#905,.F.);
#1223=ORIENTED_EDGE('',*,*,#913,.T.);
#1224=ORIENTED_EDGE('',*,*,#914,.T.);
#1225=ORIENTED_EDGE('',*,*,#910,.F.);
#1226=ORIENTED_EDGE('',*,*,#915,.T.);
#1227=ORIENTED_EDGE('',*,*,#916,.T.);
#1228=ORIENTED_EDGE('',*,*,#917,.T.);
#1229=ORIENTED_EDGE('',*,*,#918,.T.);
#1230=ORIENTED_EDGE('',*,*,#911,.F.);
#1231=ORIENTED_EDGE('',*,*,#919,.T.);
#1232=ORIENTED_EDGE('',*,*,#920,.T.);
#1233=ORIENTED_EDGE('',*,*,#916,.F.);
#1234=ORIENTED_EDGE('',*,*,#921,.T.);
#1235=ORIENTED_EDGE('',*,*,#922,.T.);
#1236=ORIENTED_EDGE('',*,*,#923,.T.);
#1237=ORIENTED_EDGE('',*,*,#924,.T.);
#1238=ORIENTED_EDGE('',*,*,#917,.F.);
#1239=ORIENTED_EDGE('',*,*,#925,.T.);
#1240=ORIENTED_EDGE('',*,*,#926,.T.);
#1241=ORIENTED_EDGE('',*,*,#927,.T.);
#1242=ORIENTED_EDGE('',*,*,#928,.T.);
#1243=ORIENTED_EDGE('',*,*,#922,.F.);
#1244=ORIENTED_EDGE('',*,*,#929,.T.);
#1245=ORIENTED_EDGE('',*,*,#930,.T.);
#1246=ORIENTED_EDGE('',*,*,#923,.F.);
#1247=ORIENTED_EDGE('',*,*,#931,.T.);
#1248=ORIENTED_EDGE('',*,*,#927,.F.);
#1249=ORIENTED_EDGE('',*,*,#932,.T.);
#1250=ORIENTED_EDGE('',*,*,#933,.T.);
#1251=ORIENTED_EDGE('',*,*,#934,.T.);
#1252=ORIENTED_EDGE('',*,*,#935,.T.);
#1253=ORIENTED_EDGE('',*,*,#936,.T.);
#1254=ORIENTED_EDGE('',*,*,#929,.F.);
#1255=ORIENTED_EDGE('',*,*,#937,.T.);
#1256=ORIENTED_EDGE('',*,*,#933,.F.);
#1257=ORIENTED_EDGE('',*,*,#938,.T.);
#1258=ORIENTED_EDGE('',*,*,#935,.F.);
#1259=ORIENTED_EDGE('',*,*,#939,.T.);
#1260=ORIENTED_EDGE('',*,*,#937,.F.);
#1261=ORIENTED_EDGE('',*,*,#940,.F.);
#1262=ORIENTED_EDGE('',*,*,#941,.T.);
#1263=ORIENTED_EDGE('',*,*,#942,.T.);
#1264=ORIENTED_EDGE('',*,*,#931,.F.);
#1265=ORIENTED_EDGE('',*,*,#943,.F.);
#1266=ORIENTED_EDGE('',*,*,#944,.T.);
#1267=ORIENTED_EDGE('',*,*,#940,.T.);
#1268=ORIENTED_EDGE('',*,*,#925,.F.);
#1269=ORIENTED_EDGE('',*,*,#945,.F.);
#1270=ORIENTED_EDGE('',*,*,#946,.T.);
#1271=ORIENTED_EDGE('',*,*,#943,.T.);
#1272=ORIENTED_EDGE('',*,*,#919,.F.);
#1273=ORIENTED_EDGE('',*,*,#947,.F.);
#1274=ORIENTED_EDGE('',*,*,#948,.T.);
#1275=ORIENTED_EDGE('',*,*,#945,.T.);
#1276=ORIENTED_EDGE('',*,*,#913,.F.);
#1277=ORIENTED_EDGE('',*,*,#949,.F.);
#1278=ORIENTED_EDGE('',*,*,#950,.T.);
#1279=ORIENTED_EDGE('',*,*,#947,.T.);
#1280=ORIENTED_EDGE('',*,*,#951,.T.);
#1281=ORIENTED_EDGE('',*,*,#952,.T.);
#1282=ORIENTED_EDGE('',*,*,#953,.T.);
#1283=ORIENTED_EDGE('',*,*,#954,.T.);
#1284=ORIENTED_EDGE('',*,*,#955,.T.);
#1285=ORIENTED_EDGE('',*,*,#956,.F.);
#1286=ORIENTED_EDGE('',*,*,#957,.F.);
#1287=ORIENTED_EDGE('',*,*,#958,.F.);
#1288=ORIENTED_EDGE('',*,*,#959,.F.);
#1289=ORIENTED_EDGE('',*,*,#960,.F.);
#1290=ORIENTED_EDGE('',*,*,#961,.F.);
#1291=ORIENTED_EDGE('',*,*,#962,.F.);
#1292=ORIENTED_EDGE('',*,*,#963,.T.);
#1293=ORIENTED_EDGE('',*,*,#906,.F.);
#1294=ORIENTED_EDGE('',*,*,#912,.F.);
#1295=ORIENTED_EDGE('',*,*,#918,.F.);
#1296=ORIENTED_EDGE('',*,*,#924,.F.);
#1297=ORIENTED_EDGE('',*,*,#930,.F.);
#1298=ORIENTED_EDGE('',*,*,#936,.F.);
#1299=ORIENTED_EDGE('',*,*,#938,.F.);
#1300=ORIENTED_EDGE('',*,*,#932,.F.);
#1301=ORIENTED_EDGE('',*,*,#926,.F.);
#1302=ORIENTED_EDGE('',*,*,#921,.F.);
#1303=ORIENTED_EDGE('',*,*,#915,.F.);
#1304=ORIENTED_EDGE('',*,*,#909,.F.);
#1305=ORIENTED_EDGE('',*,*,#964,.T.);
#1306=ORIENTED_EDGE('',*,*,#965,.T.);
#1307=ORIENTED_EDGE('',*,*,#966,.T.);
#1308=ORIENTED_EDGE('',*,*,#967,.T.);
#1309=ORIENTED_EDGE('',*,*,#966,.F.);
#1310=ORIENTED_EDGE('',*,*,#968,.T.);
#1311=ORIENTED_EDGE('',*,*,#969,.T.);
#1312=ORIENTED_EDGE('',*,*,#970,.T.);
#1313=ORIENTED_EDGE('',*,*,#971,.T.);
#1314=ORIENTED_EDGE('',*,*,#972,.T.);
#1315=ORIENTED_EDGE('',*,*,#964,.F.);
#1316=ORIENTED_EDGE('',*,*,#973,.T.);
#1317=ORIENTED_EDGE('',*,*,#974,.T.);
#1318=ORIENTED_EDGE('',*,*,#975,.T.);
#1319=ORIENTED_EDGE('',*,*,#969,.F.);
#1320=ORIENTED_EDGE('',*,*,#976,.T.);
#1321=ORIENTED_EDGE('',*,*,#977,.T.);
#1322=ORIENTED_EDGE('',*,*,#978,.T.);
#1323=ORIENTED_EDGE('',*,*,#971,.F.);
#1324=ORIENTED_EDGE('',*,*,#979,.T.);
#1325=ORIENTED_EDGE('',*,*,#976,.F.);
#1326=ORIENTED_EDGE('',*,*,#968,.F.);
#1327=ORIENTED_EDGE('',*,*,#965,.F.);
#1328=ORIENTED_EDGE('',*,*,#972,.F.);
#1329=ORIENTED_EDGE('',*,*,#978,.F.);
#1330=ORIENTED_EDGE('',*,*,#980,.T.);
#1331=ORIENTED_EDGE('',*,*,#981,.T.);
#1332=ORIENTED_EDGE('',*,*,#982,.T.);
#1333=ORIENTED_EDGE('',*,*,#983,.T.);
#1334=ORIENTED_EDGE('',*,*,#984,.T.);
#1335=ORIENTED_EDGE('',*,*,#985,.T.);
#1336=ORIENTED_EDGE('',*,*,#986,.T.);
#1337=ORIENTED_EDGE('',*,*,#977,.F.);
#1338=ORIENTED_EDGE('',*,*,#987,.F.);
#1339=ORIENTED_EDGE('',*,*,#956,.T.);
#1340=ORIENTED_EDGE('',*,*,#988,.F.);
#1341=ORIENTED_EDGE('',*,*,#989,.F.);
#1342=ORIENTED_EDGE('',*,*,#990,.F.);
#1343=ORIENTED_EDGE('',*,*,#980,.F.);
#1344=ORIENTED_EDGE('',*,*,#991,.T.);
#1345=ORIENTED_EDGE('',*,*,#992,.T.);
#1346=ORIENTED_EDGE('',*,*,#993,.T.);
#1347=ORIENTED_EDGE('',*,*,#994,.T.);
#1348=ORIENTED_EDGE('',*,*,#993,.F.);
#1349=ORIENTED_EDGE('',*,*,#995,.T.);
#1350=ORIENTED_EDGE('',*,*,#996,.T.);
#1351=ORIENTED_EDGE('',*,*,#997,.T.);
#1352=ORIENTED_EDGE('',*,*,#998,.T.);
#1353=ORIENTED_EDGE('',*,*,#999,.T.);
#1354=ORIENTED_EDGE('',*,*,#991,.F.);
#1355=ORIENTED_EDGE('',*,*,#1000,.T.);
#1356=ORIENTED_EDGE('',*,*,#996,.F.);
#1357=ORIENTED_EDGE('',*,*,#1001,.T.);
#1358=ORIENTED_EDGE('',*,*,#1002,.T.);
#1359=ORIENTED_EDGE('',*,*,#1003,.T.);
#1360=ORIENTED_EDGE('',*,*,#1004,.T.);
#1361=ORIENTED_EDGE('',*,*,#1005,.T.);
#1362=ORIENTED_EDGE('',*,*,#998,.F.);
#1363=ORIENTED_EDGE('',*,*,#1006,.T.);
#1364=ORIENTED_EDGE('',*,*,#1002,.F.);
#1365=ORIENTED_EDGE('',*,*,#1007,.T.);
#1366=ORIENTED_EDGE('',*,*,#1008,.T.);
#1367=ORIENTED_EDGE('',*,*,#1009,.T.);
#1368=ORIENTED_EDGE('',*,*,#1010,.T.);
#1369=ORIENTED_EDGE('',*,*,#1011,.T.);
#1370=ORIENTED_EDGE('',*,*,#1004,.F.);
#1371=ORIENTED_EDGE('',*,*,#1012,.T.);
#1372=ORIENTED_EDGE('',*,*,#1008,.F.);
#1373=ORIENTED_EDGE('',*,*,#1013,.T.);
#1374=ORIENTED_EDGE('',*,*,#1010,.F.);
#1375=ORIENTED_EDGE('',*,*,#1014,.T.);
#1376=ORIENTED_EDGE('',*,*,#1007,.F.);
#1377=ORIENTED_EDGE('',*,*,#1015,.T.);
#1378=ORIENTED_EDGE('',*,*,#960,.T.);
#1379=ORIENTED_EDGE('',*,*,#1016,.F.);
#1380=ORIENTED_EDGE('',*,*,#975,.F.);
#1381=ORIENTED_EDGE('',*,*,#1017,.T.);
#1382=ORIENTED_EDGE('',*,*,#961,.T.);
#1383=ORIENTED_EDGE('',*,*,#1015,.F.);
#1384=ORIENTED_EDGE('',*,*,#1001,.F.);
#1385=ORIENTED_EDGE('',*,*,#1018,.T.);
#1386=ORIENTED_EDGE('',*,*,#970,.F.);
#1387=ORIENTED_EDGE('',*,*,#1018,.F.);
#1388=ORIENTED_EDGE('',*,*,#995,.F.);
#1389=ORIENTED_EDGE('',*,*,#1019,.T.);
#1390=ORIENTED_EDGE('',*,*,#967,.F.);
#1391=ORIENTED_EDGE('',*,*,#1019,.F.);
#1392=ORIENTED_EDGE('',*,*,#992,.F.);
#1393=ORIENTED_EDGE('',*,*,#1020,.T.);
#1394=ORIENTED_EDGE('',*,*,#994,.F.);
#1395=ORIENTED_EDGE('',*,*,#997,.F.);
#1396=ORIENTED_EDGE('',*,*,#1003,.F.);
#1397=ORIENTED_EDGE('',*,*,#1009,.F.);
#1398=ORIENTED_EDGE('',*,*,#1014,.F.);
#1399=ORIENTED_EDGE('',*,*,#1012,.F.);
#1400=ORIENTED_EDGE('',*,*,#1006,.F.);
#1401=ORIENTED_EDGE('',*,*,#1000,.F.);
#1402=ORIENTED_EDGE('',*,*,#908,.F.);
#1403=ORIENTED_EDGE('',*,*,#1021,.F.);
#1404=ORIENTED_EDGE('',*,*,#1022,.T.);
#1405=ORIENTED_EDGE('',*,*,#1023,.T.);
#1406=ORIENTED_EDGE('',*,*,#928,.F.);
#1407=ORIENTED_EDGE('',*,*,#1024,.F.);
#1408=ORIENTED_EDGE('',*,*,#1025,.T.);
#1409=ORIENTED_EDGE('',*,*,#949,.T.);
#1410=ORIENTED_EDGE('',*,*,#904,.F.);
#1411=ORIENTED_EDGE('',*,*,#1023,.F.);
#1412=ORIENTED_EDGE('',*,*,#1026,.F.);
#1413=ORIENTED_EDGE('',*,*,#1027,.F.);
#1414=ORIENTED_EDGE('',*,*,#920,.F.);
#1415=ORIENTED_EDGE('',*,*,#1027,.T.);
#1416=ORIENTED_EDGE('',*,*,#1028,.T.);
#1417=ORIENTED_EDGE('',*,*,#1029,.F.);
#1418=ORIENTED_EDGE('',*,*,#963,.F.);
#1419=ORIENTED_EDGE('',*,*,#1030,.T.);
#1420=ORIENTED_EDGE('',*,*,#1031,.T.);
#1421=ORIENTED_EDGE('',*,*,#1030,.F.);
#1422=ORIENTED_EDGE('',*,*,#1031,.F.);
#1423=ORIENTED_EDGE('',*,*,#1032,.F.);
#1424=ORIENTED_EDGE('',*,*,#1028,.F.);
#1425=ORIENTED_EDGE('',*,*,#1026,.T.);
#1426=ORIENTED_EDGE('',*,*,#1022,.F.);
#1427=ORIENTED_EDGE('',*,*,#914,.F.);
#1428=ORIENTED_EDGE('',*,*,#1029,.T.);
#1429=ORIENTED_EDGE('',*,*,#1032,.T.);
#1430=ORIENTED_EDGE('',*,*,#1021,.T.);
#1431=ORIENTED_EDGE('',*,*,#989,.T.);
#1432=ORIENTED_EDGE('',*,*,#1033,.T.);
#1433=ORIENTED_EDGE('',*,*,#1034,.T.);
#1434=ORIENTED_EDGE('',*,*,#1035,.F.);
#1435=ORIENTED_EDGE('',*,*,#1036,.T.);
#1436=ORIENTED_EDGE('',*,*,#1037,.F.);
#1437=ORIENTED_EDGE('',*,*,#1034,.F.);
#1438=ORIENTED_EDGE('',*,*,#1038,.T.);
#1439=ORIENTED_EDGE('',*,*,#1039,.T.);
#1440=ORIENTED_EDGE('',*,*,#1040,.F.);
#1441=ORIENTED_EDGE('',*,*,#1036,.F.);
#1442=ORIENTED_EDGE('',*,*,#1041,.T.);
#1443=ORIENTED_EDGE('',*,*,#1042,.T.);
#1444=ORIENTED_EDGE('',*,*,#1043,.F.);
#1445=ORIENTED_EDGE('',*,*,#1039,.F.);
#1446=ORIENTED_EDGE('',*,*,#1044,.T.);
#1447=ORIENTED_EDGE('',*,*,#1045,.T.);
#1448=ORIENTED_EDGE('',*,*,#1046,.F.);
#1449=ORIENTED_EDGE('',*,*,#1042,.F.);
#1450=ORIENTED_EDGE('',*,*,#1047,.T.);
#1451=ORIENTED_EDGE('',*,*,#1047,.F.);
#1452=ORIENTED_EDGE('',*,*,#1048,.F.);
#1453=ORIENTED_EDGE('',*,*,#951,.F.);
#1454=ORIENTED_EDGE('',*,*,#1049,.T.);
#1455=ORIENTED_EDGE('',*,*,#1044,.F.);
#1456=ORIENTED_EDGE('',*,*,#1050,.F.);
#1457=ORIENTED_EDGE('',*,*,#952,.F.);
#1458=ORIENTED_EDGE('',*,*,#1048,.T.);
#1459=ORIENTED_EDGE('',*,*,#1041,.F.);
#1460=ORIENTED_EDGE('',*,*,#1051,.F.);
#1461=ORIENTED_EDGE('',*,*,#953,.F.);
#1462=ORIENTED_EDGE('',*,*,#1050,.T.);
#1463=ORIENTED_EDGE('',*,*,#1038,.F.);
#1464=ORIENTED_EDGE('',*,*,#1052,.F.);
#1465=ORIENTED_EDGE('',*,*,#954,.F.);
#1466=ORIENTED_EDGE('',*,*,#1051,.T.);
#1467=ORIENTED_EDGE('',*,*,#1033,.F.);
#1468=ORIENTED_EDGE('',*,*,#988,.T.);
#1469=ORIENTED_EDGE('',*,*,#955,.F.);
#1470=ORIENTED_EDGE('',*,*,#1052,.T.);
#1471=ORIENTED_EDGE('',*,*,#974,.F.);
#1472=ORIENTED_EDGE('',*,*,#986,.F.);
#1473=ORIENTED_EDGE('',*,*,#1053,.F.);
#1474=ORIENTED_EDGE('',*,*,#1045,.F.);
#1475=ORIENTED_EDGE('',*,*,#1049,.F.);
#1476=ORIENTED_EDGE('',*,*,#962,.T.);
#1477=ORIENTED_EDGE('',*,*,#1017,.F.);
#1478=ORIENTED_EDGE('',*,*,#1013,.F.);
#1479=ORIENTED_EDGE('',*,*,#1016,.T.);
#1480=ORIENTED_EDGE('',*,*,#959,.T.);
#1481=ORIENTED_EDGE('',*,*,#1054,.F.);
#1482=ORIENTED_EDGE('',*,*,#1011,.F.);
#1483=ORIENTED_EDGE('',*,*,#1054,.T.);
#1484=ORIENTED_EDGE('',*,*,#958,.T.);
#1485=ORIENTED_EDGE('',*,*,#1055,.F.);
#1486=ORIENTED_EDGE('',*,*,#979,.F.);
#1487=ORIENTED_EDGE('',*,*,#1056,.F.);
#1488=ORIENTED_EDGE('',*,*,#1005,.F.);
#1489=ORIENTED_EDGE('',*,*,#1055,.T.);
#1490=ORIENTED_EDGE('',*,*,#957,.T.);
#1491=ORIENTED_EDGE('',*,*,#987,.T.);
#1492=ORIENTED_EDGE('',*,*,#990,.T.);
#1493=ORIENTED_EDGE('',*,*,#1035,.T.);
#1494=ORIENTED_EDGE('',*,*,#1057,.T.);
#1495=ORIENTED_EDGE('',*,*,#981,.F.);
#1496=ORIENTED_EDGE('',*,*,#1053,.T.);
#1497=ORIENTED_EDGE('',*,*,#985,.F.);
#1498=ORIENTED_EDGE('',*,*,#1058,.F.);
#1499=ORIENTED_EDGE('',*,*,#1046,.T.);
#1500=ORIENTED_EDGE('',*,*,#1043,.T.);
#1501=ORIENTED_EDGE('',*,*,#1058,.T.);
#1502=ORIENTED_EDGE('',*,*,#984,.F.);
#1503=ORIENTED_EDGE('',*,*,#1059,.F.);
#1504=ORIENTED_EDGE('',*,*,#1040,.T.);
#1505=ORIENTED_EDGE('',*,*,#1059,.T.);
#1506=ORIENTED_EDGE('',*,*,#983,.F.);
#1507=ORIENTED_EDGE('',*,*,#1060,.F.);
#1508=ORIENTED_EDGE('',*,*,#1037,.T.);
#1509=ORIENTED_EDGE('',*,*,#1060,.T.);
#1510=ORIENTED_EDGE('',*,*,#982,.F.);
#1511=ORIENTED_EDGE('',*,*,#1057,.F.);
#1512=ORIENTED_EDGE('',*,*,#950,.F.);
#1513=ORIENTED_EDGE('',*,*,#1025,.F.);
#1514=ORIENTED_EDGE('',*,*,#1061,.F.);
#1515=ORIENTED_EDGE('',*,*,#1062,.F.);
#1516=ORIENTED_EDGE('',*,*,#941,.F.);
#1517=ORIENTED_EDGE('',*,*,#944,.F.);
#1518=ORIENTED_EDGE('',*,*,#946,.F.);
#1519=ORIENTED_EDGE('',*,*,#948,.F.);
#1520=ORIENTED_EDGE('',*,*,#939,.F.);
#1521=ORIENTED_EDGE('',*,*,#942,.F.);
#1522=ORIENTED_EDGE('',*,*,#1062,.T.);
#1523=ORIENTED_EDGE('',*,*,#1063,.T.);
#1524=ORIENTED_EDGE('',*,*,#934,.F.);
#1525=ORIENTED_EDGE('',*,*,#1063,.F.);
#1526=ORIENTED_EDGE('',*,*,#1061,.T.);
#1527=ORIENTED_EDGE('',*,*,#1024,.T.);
#1528=ORIENTED_EDGE('',*,*,#973,.F.);
#1529=ORIENTED_EDGE('',*,*,#1020,.F.);
#1530=ORIENTED_EDGE('',*,*,#999,.F.);
#1531=ORIENTED_EDGE('',*,*,#1056,.T.);
#1532=PLANE('',#1720);
#1533=PLANE('',#1727);
#1534=PLANE('',#1728);
#1535=PLANE('',#1729);
#1536=PLANE('',#1730);
#1537=PLANE('',#1733);
#1538=PLANE('',#1739);
#1539=PLANE('',#1742);
#1540=PLANE('',#1745);
#1541=PLANE('',#1748);
#1542=PLANE('',#1749);
#1543=PLANE('',#1752);
#1544=PLANE('',#1755);
#1545=PLANE('',#1756);
#1546=PLANE('',#1757);
#1547=PLANE('',#1758);
#1548=PLANE('',#1761);
#1549=PLANE('',#1764);
#1550=PLANE('',#1767);
#1551=PLANE('',#1769);
#1552=PLANE('',#1770);
#1553=PLANE('',#1774);
#1554=PLANE('',#1775);
#1555=PLANE('',#1776);
#1556=PLANE('',#1780);
#1557=PLANE('',#1781);
#1558=PLANE('',#1788);
#1559=PLANE('',#1791);
#1560=PLANE('',#1794);
#1561=PLANE('',#1797);
#1562=PLANE('',#1803);
#1563=PLANE('',#1810);
#1564=PLANE('',#1811);
#1565=PLANE('',#1812);
#1566=PLANE('',#1815);
#1567=PLANE('',#1816);
#1568=PLANE('',#1823);
#1569=PLANE('',#1824);
#1570=PLANE('',#1831);
#1571=PLANE('',#1833);
#1572=PLANE('',#1835);
#1573=PLANE('',#1836);
#1574=PLANE('',#1837);
#1575=PLANE('',#1838);
#1576=PLANE('',#1839);
#1577=PLANE('',#1842);
#1578=PLANE('',#1843);
#1579=PLANE('',#1844);
#1580=PLANE('',#1845);
#1581=PLANE('',#1849);
#1582=PLANE('',#1853);
#1583=PLANE('',#1854);
#1584=PLANE('',#1856);
#1585=PLANE('',#1858);
#1586=PLANE('',#1859);
#1587=PLANE('',#1860);
#1588=PLANE('',#1862);
#1589=PLANE('',#1863);
#1590=PLANE('',#1864);
#1591=PLANE('',#1866);
#1592=PLANE('',#1868);
#1593=PLANE('',#1870);
#1594=ADVANCED_FACE('',(#125),#1532,.T.);
#1595=ADVANCED_FACE('',(#126),#108,.T.);
#1596=ADVANCED_FACE('',(#127),#109,.T.);
#1597=ADVANCED_FACE('',(#128),#1533,.T.);
#1598=ADVANCED_FACE('',(#129),#1534,.T.);
#1599=ADVANCED_FACE('',(#130),#1535,.T.);
#1600=ADVANCED_FACE('',(#131),#1536,.T.);
#1601=ADVANCED_FACE('',(#132),#35,.T.);
#1602=ADVANCED_FACE('',(#133),#1537,.T.);
#1603=ADVANCED_FACE('',(#134),#110,.F.);
#1604=ADVANCED_FACE('',(#135),#36,.F.);
#1605=ADVANCED_FACE('',(#136,#31),#1538,.T.);
#1606=ADVANCED_FACE('',(#137),#1539,.T.);
#1607=ADVANCED_FACE('',(#138),#37,.T.);
#1608=ADVANCED_FACE('',(#139),#1540,.T.);
#1609=ADVANCED_FACE('',(#140),#38,.T.);
#1610=ADVANCED_FACE('',(#141),#1541,.T.);
#1611=ADVANCED_FACE('',(#142),#1542,.T.);
#1612=ADVANCED_FACE('',(#143),#111,.T.);
#1613=ADVANCED_FACE('',(#144),#1543,.T.);
#1614=ADVANCED_FACE('',(#145),#112,.T.);
#1615=ADVANCED_FACE('',(#146),#1544,.T.);
#1616=ADVANCED_FACE('',(#147),#1545,.T.);
#1617=ADVANCED_FACE('',(#148),#1546,.T.);
#1618=ADVANCED_FACE('',(#149),#1547,.T.);
#1619=ADVANCED_FACE('',(#150),#39,.T.);
#1620=ADVANCED_FACE('',(#151),#1548,.T.);
#1621=ADVANCED_FACE('',(#152),#40,.T.);
#1622=ADVANCED_FACE('',(#153),#1549,.T.);
#1623=ADVANCED_FACE('',(#154),#41,.T.);
#1624=ADVANCED_FACE('',(#155,#32),#1550,.F.);
#1625=ADVANCED_FACE('',(#156),#1551,.T.);
#1626=ADVANCED_FACE('',(#157),#1552,.T.);
#1627=ADVANCED_FACE('',(#158),#113,.F.);
#1628=ADVANCED_FACE('',(#159),#1553,.T.);
#1629=ADVANCED_FACE('',(#160),#1554,.T.);
#1630=ADVANCED_FACE('',(#161),#1555,.T.);
#1631=ADVANCED_FACE('',(#162),#114,.F.);
#1632=ADVANCED_FACE('',(#163),#1556,.T.);
#1633=ADVANCED_FACE('',(#164),#1557,.T.);
#1634=ADVANCED_FACE('',(#165),#115,.F.);
#1635=ADVANCED_FACE('',(#166),#116,.F.);
#1636=ADVANCED_FACE('',(#167),#1558,.T.);
#1637=ADVANCED_FACE('',(#168),#42,.F.);
#1638=ADVANCED_FACE('',(#169),#1559,.T.);
#1639=ADVANCED_FACE('',(#170),#43,.F.);
#1640=ADVANCED_FACE('',(#171),#1560,.T.);
#1641=ADVANCED_FACE('',(#172),#44,.F.);
#1642=ADVANCED_FACE('',(#173,#33,#34),#1561,.T.);
#1643=ADVANCED_FACE('',(#174),#1562,.T.);
#1644=ADVANCED_FACE('',(#175),#117,.T.);
#1645=ADVANCED_FACE('',(#176),#118,.T.);
#1646=ADVANCED_FACE('',(#177),#1563,.T.);
#1647=ADVANCED_FACE('',(#178),#1564,.T.);
#1648=ADVANCED_FACE('',(#179),#1565,.T.);
#1649=ADVANCED_FACE('',(#180),#1566,.F.);
#1650=ADVANCED_FACE('',(#181),#1567,.T.);
#1651=ADVANCED_FACE('',(#182),#119,.T.);
#1652=ADVANCED_FACE('',(#183),#120,.T.);
#1653=ADVANCED_FACE('',(#184),#1568,.T.);
#1654=ADVANCED_FACE('',(#185),#1569,.T.);
#1655=ADVANCED_FACE('',(#186),#121,.T.);
#1656=ADVANCED_FACE('',(#187),#122,.T.);
#1657=ADVANCED_FACE('',(#188),#1570,.T.);
#1658=ADVANCED_FACE('',(#189),#45,.T.);
#1659=ADVANCED_FACE('',(#190),#1571,.T.);
#1660=ADVANCED_FACE('',(#191),#46,.T.);
#1661=ADVANCED_FACE('',(#192),#1572,.T.);
#1662=ADVANCED_FACE('',(#193),#1573,.F.);
#1663=ADVANCED_FACE('',(#194),#1574,.T.);
#1664=ADVANCED_FACE('',(#195),#1575,.T.);
#1665=ADVANCED_FACE('',(#196),#1576,.T.);
#1666=ADVANCED_FACE('',(#197),#47,.F.);
#1667=ADVANCED_FACE('',(#198),#1577,.T.);
#1668=ADVANCED_FACE('',(#199),#1578,.T.);
#1669=ADVANCED_FACE('',(#200),#1579,.T.);
#1670=ADVANCED_FACE('',(#201),#1580,.T.);
#1671=ADVANCED_FACE('',(#202),#123,.F.);
#1672=ADVANCED_FACE('',(#203),#1581,.T.);
#1673=ADVANCED_FACE('',(#204),#124,.F.);
#1674=ADVANCED_FACE('',(#205),#1582,.T.);
#1675=ADVANCED_FACE('',(#206),#1583,.T.);
#1676=ADVANCED_FACE('',(#207),#48,.F.);
#1677=ADVANCED_FACE('',(#208),#1584,.T.);
#1678=ADVANCED_FACE('',(#209),#49,.F.);
#1679=ADVANCED_FACE('',(#210),#1585,.T.);
#1680=ADVANCED_FACE('',(#211),#1586,.F.);
#1681=ADVANCED_FACE('',(#212),#1587,.T.);
#1682=ADVANCED_FACE('',(#213),#50,.T.);
#1683=ADVANCED_FACE('',(#214),#1588,.T.);
#1684=ADVANCED_FACE('',(#215),#1589,.T.);
#1685=ADVANCED_FACE('',(#216),#1590,.T.);
#1686=ADVANCED_FACE('',(#217),#51,.F.);
#1687=ADVANCED_FACE('',(#218),#1591,.T.);
#1688=ADVANCED_FACE('',(#219),#52,.F.);
#1689=ADVANCED_FACE('',(#220),#1592,.T.);
#1690=ADVANCED_FACE('',(#221),#1593,.T.);
#1691=ADVANCED_FACE('',(#222),#53,.F.);
#1692=ADVANCED_FACE('',(#223),#54,.T.);
#1693=CLOSED_SHELL('',(#1594,#1595,#1596,#1597,#1598,#1599,#1600,#1601,
#1602,#1603,#1604,#1605,#1606,#1607,#1608,#1609,#1610,#1611,#1612,#1613,
#1614,#1615,#1616,#1617,#1618,#1619,#1620,#1621,#1622,#1623,#1624));
#1694=CLOSED_SHELL('',(#1625,#1626,#1627,#1628,#1629,#1630,#1631,#1632,
#1633,#1634,#1635,#1636,#1637,#1638,#1639,#1640,#1641,#1642,#1643,#1644,
#1645,#1646,#1647,#1648,#1649,#1650,#1651,#1652,#1653,#1654,#1655,#1656,
#1657,#1658,#1659,#1660,#1661,#1662,#1663,#1664,#1665,#1666,#1667,#1668,
#1669,#1670,#1671,#1672,#1673,#1674,#1675,#1676,#1677,#1678,#1679,#1680,
#1681,#1682,#1683,#1684,#1685,#1686,#1687,#1688,#1689,#1690,#1691,#1692));
#1695=DERIVED_UNIT_ELEMENT(#1699,1.);
#1696=DERIVED_UNIT_ELEMENT(#2862,-3.);
#1697=DERIVED_UNIT_ELEMENT(#1699,1.);
#1698=DERIVED_UNIT_ELEMENT(#2862,-3.);
#1699=(
MASS_UNIT()
NAMED_UNIT(*)
SI_UNIT(.KILO.,.GRAM.)
);
#1700=DERIVED_UNIT((#1695,#1696));
#1701=DERIVED_UNIT((#1697,#1698));
#1702=MEASURE_REPRESENTATION_ITEM('density measure',
POSITIVE_RATIO_MEASURE(7850.),#1700);
#1703=MEASURE_REPRESENTATION_ITEM('density measure',
POSITIVE_RATIO_MEASURE(7850.),#1701);
#1704=PROPERTY_DEFINITION_REPRESENTATION(#1714,#1708);
#1705=PROPERTY_DEFINITION_REPRESENTATION(#1715,#1709);
#1706=PROPERTY_DEFINITION_REPRESENTATION(#1716,#1710);
#1707=PROPERTY_DEFINITION_REPRESENTATION(#1717,#1711);
#1708=REPRESENTATION('material name',(#1712),#2858);
#1709=REPRESENTATION('density',(#1702),#2858);
#1710=REPRESENTATION('material name',(#1713),#2859);
#1711=REPRESENTATION('density',(#1703),#2859);
#1712=DESCRIPTIVE_REPRESENTATION_ITEM('Steel','Steel');
#1713=DESCRIPTIVE_REPRESENTATION_ITEM('Steel','Steel');
#1714=PROPERTY_DEFINITION('material property','material name',#2878);
#1715=PROPERTY_DEFINITION('material property','density of part',#2878);
#1716=PROPERTY_DEFINITION('material property','material name',#2879);
#1717=PROPERTY_DEFINITION('material property','density of part',#2879);
#1718=AXIS2_PLACEMENT_3D('',#2373,#1876,#1877);
#1719=AXIS2_PLACEMENT_3D('',#2374,#1878,#1879);
#1720=AXIS2_PLACEMENT_3D('',#2375,#1880,#1881);
#1721=AXIS2_PLACEMENT_3D('',#2384,#1886,#1887);
#1722=AXIS2_PLACEMENT_3D('',#2386,#1888,#1889);
#1723=AXIS2_PLACEMENT_3D('',#2389,#1891,#1892);
#1724=AXIS2_PLACEMENT_3D('',#2390,#1893,#1894);
#1725=AXIS2_PLACEMENT_3D('',#2394,#1896,#1897);
#1726=AXIS2_PLACEMENT_3D('',#2395,#1898,#1899);
#1727=AXIS2_PLACEMENT_3D('',#2396,#1900,#1901);
#1728=AXIS2_PLACEMENT_3D('',#2402,#1905,#1906);
#1729=AXIS2_PLACEMENT_3D('',#2408,#1910,#1911);
#1730=AXIS2_PLACEMENT_3D('',#2420,#1918,#1919);
#1731=AXIS2_PLACEMENT_3D('',#2424,#1922,#1923);
#1732=AXIS2_PLACEMENT_3D('',#2427,#1925,#1926);
#1733=AXIS2_PLACEMENT_3D('',#2428,#1927,#1928);
#1734=AXIS2_PLACEMENT_3D('',#2432,#1931,#1932);
#1735=AXIS2_PLACEMENT_3D('',#2434,#1933,#1934);
#1736=AXIS2_PLACEMENT_3D('',#2437,#1936,#1937);
#1737=AXIS2_PLACEMENT_3D('',#2438,#1938,#1939);
#1738=AXIS2_PLACEMENT_3D('',#2440,#1940,#1941);
#1739=AXIS2_PLACEMENT_3D('',#2442,#1943,#1944);
#1740=AXIS2_PLACEMENT_3D('',#2446,#1946,#1947);
#1741=AXIS2_PLACEMENT_3D('',#2450,#1949,#1950);
#1742=AXIS2_PLACEMENT_3D('',#2454,#1953,#1954);
#1743=AXIS2_PLACEMENT_3D('',#2460,#1958,#1959);
#1744=AXIS2_PLACEMENT_3D('',#2462,#1960,#1961);
#1745=AXIS2_PLACEMENT_3D('',#2464,#1963,#1964);
#1746=AXIS2_PLACEMENT_3D('',#2468,#1967,#1968);
#1747=AXIS2_PLACEMENT_3D('',#2470,#1969,#1970);
#1748=AXIS2_PLACEMENT_3D('',#2472,#1972,#1973);
#1749=AXIS2_PLACEMENT_3D('',#2474,#1975,#1976);
#1750=AXIS2_PLACEMENT_3D('',#2480,#1980,#1981);
#1751=AXIS2_PLACEMENT_3D('',#2483,#1983,#1984);
#1752=AXIS2_PLACEMENT_3D('',#2484,#1985,#1986);
#1753=AXIS2_PLACEMENT_3D('',#2488,#1989,#1990);
#1754=AXIS2_PLACEMENT_3D('',#2491,#1992,#1993);
#1755=AXIS2_PLACEMENT_3D('',#2492,#1994,#1995);
#1756=AXIS2_PLACEMENT_3D('',#2494,#1997,#1998);
#1757=AXIS2_PLACEMENT_3D('',#2500,#2002,#2003);
#1758=AXIS2_PLACEMENT_3D('',#2504,#2006,#2007);
#1759=AXIS2_PLACEMENT_3D('',#2508,#2010,#2011);
#1760=AXIS2_PLACEMENT_3D('',#2511,#2013,#2014);
#1761=AXIS2_PLACEMENT_3D('',#2512,#2015,#2016);
#1762=AXIS2_PLACEMENT_3D('',#2516,#2019,#2020);
#1763=AXIS2_PLACEMENT_3D('',#2519,#2022,#2023);
#1764=AXIS2_PLACEMENT_3D('',#2520,#2024,#2025);
#1765=AXIS2_PLACEMENT_3D('',#2522,#2027,#2028);
#1766=AXIS2_PLACEMENT_3D('',#2523,#2029,#2030);
#1767=AXIS2_PLACEMENT_3D('',#2524,#2031,#2032);
#1768=AXIS2_PLACEMENT_3D('',#2525,#2033,#2034);
#1769=AXIS2_PLACEMENT_3D('',#2526,#2035,#2036);
#1770=AXIS2_PLACEMENT_3D('',#2535,#2041,#2042);
#1771=AXIS2_PLACEMENT_3D('',#2541,#2046,#2047);
#1772=AXIS2_PLACEMENT_3D('',#2545,#2049,#2050);
#1773=AXIS2_PLACEMENT_3D('',#2546,#2051,#2052);
#1774=AXIS2_PLACEMENT_3D('',#2547,#2053,#2054);
#1775=AXIS2_PLACEMENT_3D('',#2553,#2058,#2059);
#1776=AXIS2_PLACEMENT_3D('',#2559,#2063,#2064);
#1777=AXIS2_PLACEMENT_3D('',#2565,#2068,#2069);
#1778=AXIS2_PLACEMENT_3D('',#2569,#2071,#2072);
#1779=AXIS2_PLACEMENT_3D('',#2570,#2073,#2074);
#1780=AXIS2_PLACEMENT_3D('',#2571,#2075,#2076);
#1781=AXIS2_PLACEMENT_3D('',#2577,#2080,#2081);
#1782=AXIS2_PLACEMENT_3D('',#2583,#2085,#2086);
#1783=AXIS2_PLACEMENT_3D('',#2585,#2087,#2088);
#1784=AXIS2_PLACEMENT_3D('',#2588,#2090,#2091);
#1785=AXIS2_PLACEMENT_3D('',#2589,#2092,#2093);
#1786=AXIS2_PLACEMENT_3D('',#2593,#2095,#2096);
#1787=AXIS2_PLACEMENT_3D('',#2594,#2097,#2098);
#1788=AXIS2_PLACEMENT_3D('',#2595,#2099,#2100);
#1789=AXIS2_PLACEMENT_3D('',#2598,#2103,#2104);
#1790=AXIS2_PLACEMENT_3D('',#2602,#2106,#2107);
#1791=AXIS2_PLACEMENT_3D('',#2604,#2109,#2110);
#1792=AXIS2_PLACEMENT_3D('',#2608,#2113,#2114);
#1793=AXIS2_PLACEMENT_3D('',#2611,#2116,#2117);
#1794=AXIS2_PLACEMENT_3D('',#2612,#2118,#2119);
#1795=AXIS2_PLACEMENT_3D('',#2616,#2122,#2123);
#1796=AXIS2_PLACEMENT_3D('',#2619,#2125,#2126);
#1797=AXIS2_PLACEMENT_3D('',#2620,#2127,#2128);
#1798=AXIS2_PLACEMENT_3D('',#2625,#2130,#2131);
#1799=AXIS2_PLACEMENT_3D('',#2629,#2133,#2134);
#1800=AXIS2_PLACEMENT_3D('',#2637,#2138,#2139);
#1801=AXIS2_PLACEMENT_3D('',#2641,#2141,#2142);
#1802=AXIS2_PLACEMENT_3D('',#2646,#2145,#2146);
#1803=AXIS2_PLACEMENT_3D('',#2647,#2147,#2148);
#1804=AXIS2_PLACEMENT_3D('',#2656,#2153,#2154);
#1805=AXIS2_PLACEMENT_3D('',#2658,#2155,#2156);
#1806=AXIS2_PLACEMENT_3D('',#2661,#2158,#2159);
#1807=AXIS2_PLACEMENT_3D('',#2662,#2160,#2161);
#1808=AXIS2_PLACEMENT_3D('',#2666,#2163,#2164);
#1809=AXIS2_PLACEMENT_3D('',#2667,#2165,#2166);
#1810=AXIS2_PLACEMENT_3D('',#2668,#2167,#2168);
#1811=AXIS2_PLACEMENT_3D('',#2674,#2172,#2173);
#1812=AXIS2_PLACEMENT_3D('',#2680,#2177,#2178);
#1813=AXIS2_PLACEMENT_3D('',#2686,#2181,#2182);
#1814=AXIS2_PLACEMENT_3D('',#2690,#2184,#2185);
#1815=AXIS2_PLACEMENT_3D('',#2694,#2188,#2189);
#1816=AXIS2_PLACEMENT_3D('',#2701,#2194,#2195);
#1817=AXIS2_PLACEMENT_3D('',#2710,#2200,#2201);
#1818=AXIS2_PLACEMENT_3D('',#2712,#2202,#2203);
#1819=AXIS2_PLACEMENT_3D('',#2715,#2205,#2206);
#1820=AXIS2_PLACEMENT_3D('',#2716,#2207,#2208);
#1821=AXIS2_PLACEMENT_3D('',#2720,#2210,#2211);
#1822=AXIS2_PLACEMENT_3D('',#2721,#2212,#2213);
#1823=AXIS2_PLACEMENT_3D('',#2722,#2214,#2215);
#1824=AXIS2_PLACEMENT_3D('',#2728,#2219,#2220);
#1825=AXIS2_PLACEMENT_3D('',#2734,#2224,#2225);
#1826=AXIS2_PLACEMENT_3D('',#2736,#2226,#2227);
#1827=AXIS2_PLACEMENT_3D('',#2739,#2229,#2230);
#1828=AXIS2_PLACEMENT_3D('',#2740,#2231,#2232);
#1829=AXIS2_PLACEMENT_3D('',#2744,#2234,#2235);
#1830=AXIS2_PLACEMENT_3D('',#2745,#2236,#2237);
#1831=AXIS2_PLACEMENT_3D('',#2746,#2238,#2239);
#1832=AXIS2_PLACEMENT_3D('',#2749,#2242,#2243);
#1833=AXIS2_PLACEMENT_3D('',#2752,#2246,#2247);
#1834=AXIS2_PLACEMENT_3D('',#2755,#2250,#2251);
#1835=AXIS2_PLACEMENT_3D('',#2757,#2253,#2254);
#1836=AXIS2_PLACEMENT_3D('',#2759,#2256,#2257);
#1837=AXIS2_PLACEMENT_3D('',#2760,#2258,#2259);
#1838=AXIS2_PLACEMENT_3D('',#2766,#2263,#2264);
#1839=AXIS2_PLACEMENT_3D('',#2773,#2269,#2270);
#1840=AXIS2_PLACEMENT_3D('',#2777,#2273,#2274);
#1841=AXIS2_PLACEMENT_3D('',#2780,#2276,#2277);
#1842=AXIS2_PLACEMENT_3D('',#2781,#2278,#2279);
#1843=AXIS2_PLACEMENT_3D('',#2782,#2280,#2281);
#1844=AXIS2_PLACEMENT_3D('',#2784,#2283,#2284);
#1845=AXIS2_PLACEMENT_3D('',#2785,#2285,#2286);
#1846=AXIS2_PLACEMENT_3D('',#2791,#2290,#2291);
#1847=AXIS2_PLACEMENT_3D('',#2795,#2293,#2294);
#1848=AXIS2_PLACEMENT_3D('',#2796,#2295,#2296);
#1849=AXIS2_PLACEMENT_3D('',#2797,#2297,#2298);
#1850=AXIS2_PLACEMENT_3D('',#2803,#2302,#2303);
#1851=AXIS2_PLACEMENT_3D('',#2807,#2305,#2306);
#1852=AXIS2_PLACEMENT_3D('',#2808,#2307,#2308);
#1853=AXIS2_PLACEMENT_3D('',#2809,#2309,#2310);
#1854=AXIS2_PLACEMENT_3D('',#2815,#2314,#2315);
#1855=AXIS2_PLACEMENT_3D('',#2818,#2318,#2319);
#1856=AXIS2_PLACEMENT_3D('',#2820,#2321,#2322);
#1857=AXIS2_PLACEMENT_3D('',#2822,#2324,#2325);
#1858=AXIS2_PLACEMENT_3D('',#2824,#2327,#2328);
#1859=AXIS2_PLACEMENT_3D('',#2825,#2329,#2330);
#1860=AXIS2_PLACEMENT_3D('',#2827,#2332,#2333);
#1861=AXIS2_PLACEMENT_3D('',#2829,#2335,#2336);
#1862=AXIS2_PLACEMENT_3D('',#2831,#2338,#2339);
#1863=AXIS2_PLACEMENT_3D('',#2833,#2341,#2342);
#1864=AXIS2_PLACEMENT_3D('',#2835,#2344,#2345);
#1865=AXIS2_PLACEMENT_3D('',#2837,#2347,#2348);
#1866=AXIS2_PLACEMENT_3D('',#2839,#2350,#2351);
#1867=AXIS2_PLACEMENT_3D('',#2841,#2353,#2354);
#1868=AXIS2_PLACEMENT_3D('',#2842,#2355,#2356);
#1869=AXIS2_PLACEMENT_3D('',#2844,#2357,#2358);
#1870=AXIS2_PLACEMENT_3D('',#2846,#2360,#2361);
#1871=AXIS2_PLACEMENT_3D('',#2848,#2363,#2364);
#1872=AXIS2_PLACEMENT_3D('',#2849,#2365,#2366);
#1873=AXIS2_PLACEMENT_3D('',#2850,#2367,#2368);
#1874=AXIS2_PLACEMENT_3D('',#2851,#2369,#2370);
#1875=AXIS2_PLACEMENT_3D('',#2852,#2371,#2372);
#1876=DIRECTION('axis',(0.,0.,1.));
#1877=DIRECTION('refdir',(1.,0.,0.));
#1878=DIRECTION('axis',(0.,0.,1.));
#1879=DIRECTION('refdir',(1.,0.,0.));
#1880=DIRECTION('center_axis',(-0.707106781186548,-5.58255096421197E-16,
0.707106781186548));
#1881=DIRECTION('ref_axis',(0.707106781186548,0.,0.707106781186548));
#1882=DIRECTION('',(0.707106781186548,0.,0.707106781186548));
#1883=DIRECTION('',(-7.89491928622757E-16,1.,0.));
#1884=DIRECTION('',(-0.707106781186548,0.,-0.707106781186548));
#1885=DIRECTION('',(7.89491928622757E-16,-1.,0.));
#1886=DIRECTION('center_axis',(0.,0.,-1.));
#1887=DIRECTION('ref_axis',(-1.0658141036401E-14,1.,0.));
#1888=DIRECTION('center_axis',(0.,0.,-1.));
#1889=DIRECTION('ref_axis',(-1.0658141036401E-14,1.,0.));
#1890=DIRECTION('',(0.,0.707106781186548,-0.707106781186548));
#1891=DIRECTION('center_axis',(0.,0.,1.));
#1892=DIRECTION('ref_axis',(-1.0658141036401E-14,1.,0.));
#1893=DIRECTION('center_axis',(0.,0.,-1.));
#1894=DIRECTION('ref_axis',(-1.,-1.42108547152012E-14,0.));
#1895=DIRECTION('',(6.28036983473523E-14,0.707106781186548,0.707106781186548));
#1896=DIRECTION('center_axis',(0.,0.,-1.));
#1897=DIRECTION('ref_axis',(-1.,-1.42108547152012E-14,0.));
#1898=DIRECTION('center_axis',(0.,0.,1.));
#1899=DIRECTION('ref_axis',(-1.,-1.42108547152012E-14,0.));
#1900=DIRECTION('center_axis',(-8.45651798247148E-12,0.707106781186563,
0.707106781186532));
#1901=DIRECTION('ref_axis',(1.,0.,1.19593224212634E-11));
#1902=DIRECTION('',(0.,0.707106781186532,-0.707106781186563));
#1903=DIRECTION('',(-1.,-1.19593224212629E-11,0.));
#1904=DIRECTION('',(1.,1.19593224212629E-11,0.));
#1905=DIRECTION('center_axis',(-8.45965816738806E-12,-0.707106781186548,
0.707106781186548));
#1906=DIRECTION('ref_axis',(1.,0.,1.19637633133605E-11));
#1907=DIRECTION('',(0.,0.707106781186548,0.707106781186548));
#1908=DIRECTION('',(-1.,1.19637633133605E-11,0.));
#1909=DIRECTION('',(1.,-1.19637633133605E-11,0.));
#1910=DIRECTION('center_axis',(1.,0.,0.));
#1911=DIRECTION('ref_axis',(0.,1.,0.));
#1912=DIRECTION('',(0.,0.,1.));
#1913=DIRECTION('',(0.,-1.,0.));
#1914=DIRECTION('',(0.,0.,1.));
#1915=DIRECTION('',(0.,0.554700196225227,0.832050294337845));
#1916=DIRECTION('',(0.,0.,1.));
#1917=DIRECTION('',(0.,1.,0.));
#1918=DIRECTION('center_axis',(-1.19637633133605E-11,-1.,0.));
#1919=DIRECTION('ref_axis',(1.,-1.19637633133605E-11,0.));
#1920=DIRECTION('',(0.,0.,1.));
#1921=DIRECTION('',(1.,-1.19637633133605E-11,0.));
#1922=DIRECTION('center_axis',(0.,0.,1.));
#1923=DIRECTION('ref_axis',(-1.,-1.42108547152012E-14,0.));
#1924=DIRECTION('',(0.,0.,1.));
#1925=DIRECTION('center_axis',(0.,0.,1.));
#1926=DIRECTION('ref_axis',(-1.,-1.42108547152012E-14,0.));
#1927=DIRECTION('center_axis',(-1.,-7.89491928622757E-16,0.));
#1928=DIRECTION('ref_axis',(7.89491928622757E-16,-1.,0.));
#1929=DIRECTION('',(0.,0.,1.));
#1930=DIRECTION('',(7.89491928622757E-16,-1.,0.));
#1931=DIRECTION('center_axis',(0.,0.,1.));
#1932=DIRECTION('ref_axis',(-1.,0.,0.));
#1933=DIRECTION('center_axis',(0.,0.,1.));
#1934=DIRECTION('ref_axis',(-1.,0.,0.));
#1935=DIRECTION('',(-0.707106781186546,-8.65956056235491E-17,-0.707106781186549));
#1936=DIRECTION('center_axis',(0.,0.,-1.));
#1937=DIRECTION('ref_axis',(-1.,0.,0.));
#1938=DIRECTION('center_axis',(0.,0.,1.));
#1939=DIRECTION('ref_axis',(-1.,0.,0.));
#1940=DIRECTION('center_axis',(0.,0.,1.));
#1941=DIRECTION('ref_axis',(-1.,0.,0.));
#1942=DIRECTION('',(0.,0.,1.));
#1943=DIRECTION('center_axis',(0.,0.,1.));
#1944=DIRECTION('ref_axis',(-1.,0.,0.));
#1945=DIRECTION('',(1.,-2.18185525158312E-13,0.));
#1946=DIRECTION('center_axis',(0.,0.,1.));
#1947=DIRECTION('ref_axis',(0.,-1.,0.));
#1948=DIRECTION('',(-1.97372982155583E-16,1.,0.));
#1949=DIRECTION('center_axis',(0.,0.,1.));
#1950=DIRECTION('ref_axis',(1.,-3.71179041072076E-14,0.));
#1951=DIRECTION('',(-1.,2.83235212234959E-16,0.));
#1952=DIRECTION('',(0.,1.,0.));
#1953=DIRECTION('center_axis',(2.83235212234959E-16,1.,0.));
#1954=DIRECTION('ref_axis',(-1.,2.83235212234959E-16,0.));
#1955=DIRECTION('',(1.,-2.83235212234959E-16,0.));
#1956=DIRECTION('',(0.,0.,1.));
#1957=DIRECTION('',(0.,0.,1.));
#1958=DIRECTION('center_axis',(0.,0.,1.));
#1959=DIRECTION('ref_axis',(1.,-3.71179041072076E-14,0.));
#1960=DIRECTION('center_axis',(0.,0.,-1.));
#1961=DIRECTION('ref_axis',(1.,-3.71179041072076E-14,0.));
#1962=DIRECTION('',(0.,0.,1.));
#1963=DIRECTION('center_axis',(1.,1.97372982155583E-16,0.));
#1964=DIRECTION('ref_axis',(-1.97372982155583E-16,1.,0.));
#1965=DIRECTION('',(1.97372982155583E-16,-1.,0.));
#1966=DIRECTION('',(0.,0.,1.));
#1967=DIRECTION('center_axis',(0.,0.,1.));
#1968=DIRECTION('ref_axis',(0.,-1.,0.));
#1969=DIRECTION('center_axis',(0.,0.,-1.));
#1970=DIRECTION('ref_axis',(0.,-1.,0.));
#1971=DIRECTION('',(0.,0.,1.));
#1972=DIRECTION('center_axis',(-2.18185525158312E-13,-1.,0.));
#1973=DIRECTION('ref_axis',(1.,-2.18185525158312E-13,0.));
#1974=DIRECTION('',(-1.,2.18185525158312E-13,0.));
#1975=DIRECTION('center_axis',(2.3566594170694E-16,0.832050294337845,0.554700196225227));
#1976=DIRECTION('ref_axis',(1.,0.,-4.24852818352441E-16));
#1977=DIRECTION('',(0.,0.554700196225227,-0.832050294337845));
#1978=DIRECTION('',(0.,0.554700196225227,-0.832050294337845));
#1979=DIRECTION('',(-1.,2.83235212234959E-16,0.));
#1980=DIRECTION('center_axis',(0.,0.,-1.));
#1981=DIRECTION('ref_axis',(1.,-3.71179041072076E-14,0.));
#1982=DIRECTION('',(0.554700196225227,-1.97069097476269E-14,-0.832050294337845));
#1983=DIRECTION('center_axis',(0.,0.,1.));
#1984=DIRECTION('ref_axis',(1.,-3.71179041072076E-14,0.));
#1985=DIRECTION('center_axis',(0.832050294337841,1.64224247896891E-16,0.554700196225234));
#1986=DIRECTION('ref_axis',(0.554700196225234,0.,-0.832050294337841));
#1987=DIRECTION('',(0.554700196225234,0.,-0.832050294337841));
#1988=DIRECTION('',(-1.97372982155583E-16,1.,0.));
#1989=DIRECTION('center_axis',(0.,0.,-1.));
#1990=DIRECTION('ref_axis',(0.,-1.,0.));
#1991=DIRECTION('',(0.,-0.554700196225227,-0.832050294337845));
#1992=DIRECTION('center_axis',(0.,0.,1.));
#1993=DIRECTION('ref_axis',(0.,-1.,0.));
#1994=DIRECTION('center_axis',(-1.8154133042823E-13,-0.832050294337845,
0.554700196225227));
#1995=DIRECTION('ref_axis',(1.,0.,3.27278287737469E-13));
#1996=DIRECTION('',(1.,-2.18185525158312E-13,0.));
#1997=DIRECTION('center_axis',(-1.19593224212629E-11,1.,0.));
#1998=DIRECTION('ref_axis',(-1.,-1.19593224212629E-11,0.));
#1999=DIRECTION('',(0.,0.,1.));
#2000=DIRECTION('',(-1.,-1.19593224212629E-11,0.));
#2001=DIRECTION('',(0.,0.,1.));
#2002=DIRECTION('center_axis',(1.,0.,0.));
#2003=DIRECTION('ref_axis',(0.,1.,0.));
#2004=DIRECTION('',(0.,0.,1.));
#2005=DIRECTION('',(0.,-1.,0.));
#2006=DIRECTION('center_axis',(2.83235212234959E-16,1.,0.));
#2007=DIRECTION('ref_axis',(-1.,2.83235212234959E-16,0.));
#2008=DIRECTION('',(0.,0.,1.));
#2009=DIRECTION('',(-1.,2.83235212234959E-16,0.));
#2010=DIRECTION('center_axis',(0.,0.,1.));
#2011=DIRECTION('ref_axis',(1.,-3.71179041072076E-14,0.));
#2012=DIRECTION('',(0.,0.,1.));
#2013=DIRECTION('center_axis',(0.,0.,1.));
#2014=DIRECTION('ref_axis',(1.,-3.71179041072076E-14,0.));
#2015=DIRECTION('center_axis',(1.,1.97372982155583E-16,0.));
#2016=DIRECTION('ref_axis',(-1.97372982155583E-16,1.,0.));
#2017=DIRECTION('',(0.,0.,1.));
#2018=DIRECTION('',(-1.97372982155583E-16,1.,0.));
#2019=DIRECTION('center_axis',(0.,0.,1.));
#2020=DIRECTION('ref_axis',(0.,-1.,0.));
#2021=DIRECTION('',(0.,0.,1.));
#2022=DIRECTION('center_axis',(0.,0.,1.));
#2023=DIRECTION('ref_axis',(0.,-1.,0.));
#2024=DIRECTION('center_axis',(-2.18185525158312E-13,-1.,0.));
#2025=DIRECTION('ref_axis',(1.,-2.18185525158312E-13,0.));
#2026=DIRECTION('',(1.,-2.18185525158312E-13,0.));
#2027=DIRECTION('center_axis',(0.,0.,1.));
#2028=DIRECTION('ref_axis',(-1.0658141036401E-14,1.,0.));
#2029=DIRECTION('center_axis',(0.,0.,1.));
#2030=DIRECTION('ref_axis',(-1.0658141036401E-14,1.,0.));
#2031=DIRECTION('center_axis',(0.,0.,1.));
#2032=DIRECTION('ref_axis',(-1.,0.,0.));
#2033=DIRECTION('axis',(0.,0.,1.));
#2034=DIRECTION('refdir',(1.,0.,0.));
#2035=DIRECTION('center_axis',(0.707106781186579,-1.25607407321163E-15,
0.707106781186516));
#2036=DIRECTION('ref_axis',(0.707106781186516,0.,-0.707106781186579));
#2037=DIRECTION('',(1.77635698968102E-15,1.,0.));
#2038=DIRECTION('',(-0.707106781263859,0.,0.707106781109236));
#2039=DIRECTION('',(-1.77635698968102E-15,-1.,0.));
#2040=DIRECTION('',(0.678598344545807,0.281084637714868,-0.678598344545867));
#2041=DIRECTION('center_axis',(0.500000000000016,0.500000000000015,0.707106781186526));
#2042=DIRECTION('ref_axis',(0.816496580927709,0.,-0.57735026918965));
#2043=DIRECTION('',(-0.707106781186547,0.707106781186548,0.));
#2044=DIRECTION('',(0.707106781186547,-0.707106781186548,0.));
#2045=DIRECTION('',(0.678598344545847,0.281084637714819,-0.678598344545847));
#2046=DIRECTION('center_axis',(0.,0.,1.));
#2047=DIRECTION('ref_axis',(-8.11784234847797E-6,0.99999999996705,0.));
#2048=DIRECTION('',(-5.74018134563233E-6,0.707106781163248,0.707106781186548));
#2049=DIRECTION('center_axis',(0.,0.,1.));
#2050=DIRECTION('ref_axis',(-8.11784234847797E-6,0.99999999996705,0.));
#2051=DIRECTION('center_axis',(0.,0.,-1.));
#2052=DIRECTION('ref_axis',(-8.11784234847797E-6,0.99999999996705,0.));
#2053=DIRECTION('center_axis',(0.707106781186548,-4.19199442852464E-16,
0.707106781186548));
#2054=DIRECTION('ref_axis',(0.707106781186548,0.,-0.707106781186548));
#2055=DIRECTION('',(5.92837537421199E-16,1.,0.));
#2056=DIRECTION('',(-5.92837537421199E-16,-1.,0.));
#2057=DIRECTION('',(0.678598344545827,-0.281084637714916,-0.678598344545827));
#2058=DIRECTION('center_axis',(3.80953982022695E-13,-0.707106781186548,
0.707106781186548));
#2059=DIRECTION('ref_axis',(1.,0.,-5.38750288016532E-13));
#2060=DIRECTION('',(-3.76822190084114E-13,0.707106781186548,0.707106781186548));
#2061=DIRECTION('',(-1.,-5.38750288016532E-13,0.));
#2062=DIRECTION('',(1.,5.38750288016532E-13,0.));
#2063=DIRECTION('center_axis',(0.499999999999987,-0.499999999999989,0.707106781186565));
#2064=DIRECTION('ref_axis',(0.81649658092774,0.,-0.577350269189606));
#2065=DIRECTION('',(0.707106781186549,0.707106781186546,0.));
#2066=DIRECTION('',(-0.707106781186549,-0.707106781186546,0.));
#2067=DIRECTION('',(0.678598344545794,-0.281084637714931,-0.678598344545854));
#2068=DIRECTION('center_axis',(0.,0.,1.));
#2069=DIRECTION('ref_axis',(0.999999999994381,3.35223008461001E-6,0.));
#2070=DIRECTION('',(0.707106781182583,2.37038463121985E-6,0.707106781186539));
#2071=DIRECTION('center_axis',(0.,0.,1.));
#2072=DIRECTION('ref_axis',(0.999999999994381,3.35223008461001E-6,0.));
#2073=DIRECTION('center_axis',(0.,0.,-1.));
#2074=DIRECTION('ref_axis',(0.999999999994381,3.35223008461001E-6,0.));
#2075=DIRECTION('center_axis',(0.707106781186579,-1.25607407321163E-15,
0.707106781186516));
#2076=DIRECTION('ref_axis',(0.707106781186516,0.,-0.707106781186579));
#2077=DIRECTION('',(-1.77635698968102E-15,-1.,0.));
#2078=DIRECTION('',(0.707106781186516,0.,-0.707106781186579));
#2079=DIRECTION('',(1.77635698968102E-15,1.,0.));
#2080=DIRECTION('center_axis',(-0.707106781186548,1.25607365249358E-13,
0.707106781186548));
#2081=DIRECTION('ref_axis',(0.707106781186548,0.,0.707106781186548));
#2082=DIRECTION('',(0.707106781186548,-1.25607396694705E-13,0.707106781186548));
#2083=DIRECTION('',(1.77635639469593E-13,1.,0.));
#2084=DIRECTION('',(-1.77635639469593E-13,-1.,0.));
#2085=DIRECTION('center_axis',(0.,0.,1.));
#2086=DIRECTION('ref_axis',(-0.999999999994057,-3.44757532740144E-6,0.));
#2087=DIRECTION('center_axis',(0.,0.,1.));
#2088=DIRECTION('ref_axis',(-0.999999999994057,-3.44757532740144E-6,0.));
#2089=DIRECTION('',(-3.40839062311443E-7,0.707106781226607,-0.707106781146406));
#2090=DIRECTION('center_axis',(0.,0.,-1.));
#2091=DIRECTION('ref_axis',(-0.999999999994057,-3.44757532740144E-6,0.));
#2092=DIRECTION('center_axis',(0.,0.,1.));
#2093=DIRECTION('ref_axis',(-5.34329511480838E-6,-0.999999999985725,0.));
#2094=DIRECTION('',(-3.77828022714984E-6,-0.707106781176476,0.707106781186525));
#2095=DIRECTION('center_axis',(0.,0.,1.));
#2096=DIRECTION('ref_axis',(-5.34329511480838E-6,-0.999999999985725,0.));
#2097=DIRECTION('center_axis',(0.,0.,-1.));
#2098=DIRECTION('ref_axis',(-5.34329511480838E-6,-0.999999999985725,0.));
#2099=DIRECTION('center_axis',(1.18831217297073E-13,0.707106781186548,0.707106781186548));
#2100=DIRECTION('ref_axis',(1.,0.,-1.68052719134824E-13));
#2101=DIRECTION('',(1.,-1.68052719134824E-13,0.));
#2102=DIRECTION('',(-1.,1.68052719134824E-13,0.));
#2103=DIRECTION('center_axis',(0.,0.,1.));
#2104=DIRECTION('ref_axis',(-5.34329511480838E-6,-0.999999999985725,0.));
#2105=DIRECTION('',(0.,0.,1.));
#2106=DIRECTION('center_axis',(0.,0.,-1.));
#2107=DIRECTION('ref_axis',(-5.34329511480838E-6,-0.999999999985725,0.));
#2108=DIRECTION('',(0.,0.,1.));
#2109=DIRECTION('center_axis',(-1.,1.77635639469593E-13,0.));
#2110=DIRECTION('ref_axis',(-1.77635639469593E-13,-1.,0.));
#2111=DIRECTION('',(0.,0.,1.));
#2112=DIRECTION('',(-1.77635639469593E-13,-1.,0.));
#2113=DIRECTION('center_axis',(0.,0.,1.));
#2114=DIRECTION('ref_axis',(0.999999999994381,3.35223008461001E-6,0.));
#2115=DIRECTION('',(0.,0.,1.));
#2116=DIRECTION('center_axis',(0.,0.,-1.));
#2117=DIRECTION('ref_axis',(0.999999999994381,3.35223008461001E-6,0.));
#2118=DIRECTION('center_axis',(5.38750288016532E-13,-1.,0.));
#2119=DIRECTION('ref_axis',(1.,5.38750288016532E-13,0.));
#2120=DIRECTION('',(0.,0.,1.));
#2121=DIRECTION('',(1.,5.38750288016532E-13,0.));
#2122=DIRECTION('center_axis',(0.,0.,1.));
#2123=DIRECTION('ref_axis',(-8.11784234847797E-6,0.99999999996705,0.));
#2124=DIRECTION('',(0.,0.,1.));
#2125=DIRECTION('center_axis',(0.,0.,-1.));
#2126=DIRECTION('ref_axis',(-8.11784234847797E-6,0.99999999996705,0.));
#2127=DIRECTION('center_axis',(0.,0.,1.));
#2128=DIRECTION('ref_axis',(1.,0.,0.));
#2129=DIRECTION('',(1.,-1.89883196885348E-13,0.));
#2130=DIRECTION('center_axis',(0.,0.,1.));
#2131=DIRECTION('ref_axis',(0.,-1.,0.));
#2132=DIRECTION('',(-1.97372982155583E-16,1.,0.));
#2133=DIRECTION('center_axis',(0.,0.,1.));
#2134=DIRECTION('ref_axis',(1.,-3.55271367880047E-14,0.));
#2135=DIRECTION('',(-1.,-3.27223628310573E-16,0.));
#2136=DIRECTION('',(0.,-1.,0.));
#2137=DIRECTION('',(1.,-1.12190958277911E-15,0.));
#2138=DIRECTION('center_axis',(0.,0.,-1.));
#2139=DIRECTION('ref_axis',(-1.42108547152014E-14,1.,0.));
#2140=DIRECTION('',(0.,1.,0.));
#2141=DIRECTION('center_axis',(0.,0.,-1.));
#2142=DIRECTION('ref_axis',(-1.,-1.95399252334016E-14,0.));
#2143=DIRECTION('',(-1.,-4.6746232615796E-17,0.));
#2144=DIRECTION('',(0.,-1.,0.));
#2145=DIRECTION('center_axis',(0.,0.,-1.));
#2146=DIRECTION('ref_axis',(-1.,0.,0.));
#2147=DIRECTION('center_axis',(0.707106781161143,0.,0.707106781211952));
#2148=DIRECTION('ref_axis',(0.707106781211952,0.,-0.707106781161143));
#2149=DIRECTION('',(-0.707106781211952,3.1401849172548E-14,0.707106781161143));
#2150=DIRECTION('',(0.,-1.,0.));
#2151=DIRECTION('',(0.707106781211857,0.,-0.707106781161238));
#2152=DIRECTION('',(0.,1.,0.));
#2153=DIRECTION('center_axis',(0.,0.,-1.));
#2154=DIRECTION('ref_axis',(7.46069872548107E-14,-1.,0.));
#2155=DIRECTION('center_axis',(0.,0.,-1.));
#2156=DIRECTION('ref_axis',(7.46069872548107E-14,-1.,0.));
#2157=DIRECTION('',(6.2803698347072E-14,-0.707106781189703,-0.707106781183392));
#2158=DIRECTION('center_axis',(0.,0.,1.));
#2159=DIRECTION('ref_axis',(7.46069872548107E-14,-1.,0.));
#2160=DIRECTION('center_axis',(0.,0.,-1.));
#2161=DIRECTION('ref_axis',(1.,4.08562073062087E-14,0.));
#2162=DIRECTION('',(6.28036983473147E-14,-0.707106781186971,0.707106781186124));
#2163=DIRECTION('center_axis',(0.,0.,-1.));
#2164=DIRECTION('ref_axis',(1.,4.08562073062087E-14,0.));
#2165=DIRECTION('center_axis',(0.,0.,1.));
#2166=DIRECTION('ref_axis',(1.,4.08562073062087E-14,0.));
#2167=DIRECTION('center_axis',(3.30545780755876E-17,-0.7071067811445,0.707106781228595));
#2168=DIRECTION('ref_axis',(1.,0.,-4.67462326102366E-17));
#2169=DIRECTION('',(0.,-0.707106781228595,-0.7071067811445));
#2170=DIRECTION('',(1.,4.6746232615796E-17,0.));
#2171=DIRECTION('',(-1.,-4.6746232615796E-17,0.));
#2172=DIRECTION('center_axis',(7.93309873861435E-16,0.707106781186689,0.707106781186406));
#2173=DIRECTION('ref_axis',(1.,0.,-1.12190958277955E-15));
#2174=DIRECTION('',(0.,-0.707106781186406,0.707106781186689));
#2175=DIRECTION('',(1.,-1.12190958277911E-15,0.));
#2176=DIRECTION('',(-1.,1.12190958277911E-15,0.));
#2177=DIRECTION('center_axis',(0.,0.,1.));
#2178=DIRECTION('ref_axis',(-1.,0.,0.));
#2179=DIRECTION('',(0.,-1.,0.));
#2180=DIRECTION('',(1.,2.80477395694777E-16,0.));
#2181=DIRECTION('center_axis',(0.,0.,-1.));
#2182=DIRECTION('ref_axis',(1.,-4.26325641460943E-14,0.));
#2183=DIRECTION('',(1.97372982155583E-16,-1.,0.));
#2184=DIRECTION('center_axis',(0.,0.,-1.));
#2185=DIRECTION('ref_axis',(0.,-1.,0.));
#2186=DIRECTION('',(-1.,1.90397405444122E-13,0.));
#2187=DIRECTION('',(0.,-1.,0.));
#2188=DIRECTION('center_axis',(1.,0.,0.));
#2189=DIRECTION('ref_axis',(0.,-1.,0.));
#2190=DIRECTION('',(0.,0.,1.));
#2191=DIRECTION('',(0.,0.,-1.));
#2192=DIRECTION('',(0.,0.55470019622523,-0.832050294337843));
#2193=DIRECTION('',(0.,0.,-1.));
#2194=DIRECTION('center_axis',(0.707106781186555,0.,-0.70710678118654));
#2195=DIRECTION('ref_axis',(-0.70710678118654,0.,-0.707106781186555));
#2196=DIRECTION('',(0.70710678118654,0.,0.707106781186555));
#2197=DIRECTION('',(0.,-1.,0.));
#2198=DIRECTION('',(-0.707106781186446,0.,-0.707106781186649));
#2199=DIRECTION('',(0.,1.,0.));
#2200=DIRECTION('center_axis',(0.,0.,1.));
#2201=DIRECTION('ref_axis',(7.46069872548106E-14,-1.,0.));
#2202=DIRECTION('center_axis',(0.,0.,-1.));
#2203=DIRECTION('ref_axis',(7.46069872548107E-14,-1.,0.));
#2204=DIRECTION('',(-6.28036983473503E-14,0.707106781186556,-0.707106781186539));
#2205=DIRECTION('center_axis',(0.,0.,1.));
#2206=DIRECTION('ref_axis',(7.46069872548107E-14,-1.,0.));
#2207=DIRECTION('center_axis',(0.,0.,1.));
#2208=DIRECTION('ref_axis',(1.,4.08562073062087E-14,0.));
#2209=DIRECTION('',(-6.28036983473503E-14,0.707106781186556,0.707106781186539));
#2210=DIRECTION('center_axis',(0.,0.,-1.));
#2211=DIRECTION('ref_axis',(1.,4.08562073062087E-14,0.));
#2212=DIRECTION('center_axis',(0.,0.,1.));
#2213=DIRECTION('ref_axis',(1.,4.08562073062087E-14,0.));
#2214=DIRECTION('center_axis',(3.30545780775535E-17,-0.707106781186555,
-0.70710678118654));
#2215=DIRECTION('ref_axis',(-1.,0.,-4.6746232615797E-17));
#2216=DIRECTION('',(-1.,-4.6746232615796E-17,0.));
#2217=DIRECTION('',(0.,0.707106781101551,-0.707106781271544));
#2218=DIRECTION('',(1.,4.6746232615796E-17,0.));
#2219=DIRECTION('center_axis',(7.93309873861285E-16,0.707106781186555,-0.70710678118654));
#2220=DIRECTION('ref_axis',(-1.,0.,-1.12190958277913E-15));
#2221=DIRECTION('',(0.,0.70710678118654,0.707106781186555));
#2222=DIRECTION('',(1.,-1.12190958277911E-15,0.));
#2223=DIRECTION('',(-1.,1.12190958277911E-15,0.));
#2224=DIRECTION('center_axis',(0.,0.,1.));
#2225=DIRECTION('ref_axis',(-1.,-1.95399252334016E-14,0.));
#2226=DIRECTION('center_axis',(0.,0.,-1.));
#2227=DIRECTION('ref_axis',(-1.,-1.95399252334016E-14,0.));
#2228=DIRECTION('',(0.70710678118654,0.,-0.707106781186555));
#2229=DIRECTION('center_axis',(0.,0.,1.));
#2230=DIRECTION('ref_axis',(-1.,-1.95399252334016E-14,0.));
#2231=DIRECTION('center_axis',(0.,0.,1.));
#2232=DIRECTION('ref_axis',(-1.42108547152014E-14,1.,0.));
#2233=DIRECTION('',(-0.70710678118654,0.,0.707106781186555));
#2234=DIRECTION('center_axis',(0.,0.,-1.));
#2235=DIRECTION('ref_axis',(-1.42108547152014E-14,1.,0.));
#2236=DIRECTION('center_axis',(0.,0.,1.));
#2237=DIRECTION('ref_axis',(-1.42108547152014E-14,1.,0.));
#2238=DIRECTION('center_axis',(-0.707106781186555,0.,-0.70710678118654));
#2239=DIRECTION('ref_axis',(-0.70710678118654,0.,0.707106781186555));
#2240=DIRECTION('',(0.,1.,0.));
#2241=DIRECTION('',(0.,-1.,0.));
#2242=DIRECTION('center_axis',(0.,0.,1.));
#2243=DIRECTION('ref_axis',(-1.,-1.95399252334016E-14,0.));
#2244=DIRECTION('',(0.,0.,1.));
#2245=DIRECTION('',(0.,0.,1.));
#2246=DIRECTION('center_axis',(4.6746232615796E-17,-1.,0.));
#2247=DIRECTION('ref_axis',(1.,4.6746232615796E-17,0.));
#2248=DIRECTION('',(0.,0.,-1.));
#2249=DIRECTION('',(0.,0.,1.));
#2250=DIRECTION('center_axis',(0.,0.,1.));
#2251=DIRECTION('ref_axis',(7.46069872548107E-14,-1.,0.));
#2252=DIRECTION('',(0.,0.,1.));
#2253=DIRECTION('center_axis',(1.,0.,0.));
#2254=DIRECTION('ref_axis',(0.,1.,0.));
#2255=DIRECTION('',(0.,0.,1.));
#2256=DIRECTION('center_axis',(0.,0.,1.));
#2257=DIRECTION('ref_axis',(1.,0.,0.));
#2258=DIRECTION('center_axis',(0.707106781186548,0.707106781186547,0.));
#2259=DIRECTION('ref_axis',(0.,0.,-1.));
#2260=DIRECTION('',(0.,0.,1.));
#2261=DIRECTION('',(-0.431650558281147,0.431650558281148,-0.792057820535311));
#2262=DIRECTION('',(0.,0.,1.));
#2263=DIRECTION('center_axis',(1.,-1.77635698968102E-15,0.));
#2264=DIRECTION('ref_axis',(1.77635698968102E-15,1.,0.));
#2265=DIRECTION('',(0.,0.,1.));
#2266=DIRECTION('',(1.77635698968102E-15,1.,0.));
#2267=DIRECTION('',(1.77635698968102E-15,1.,0.));
#2268=DIRECTION('',(0.,0.,-1.));
#2269=DIRECTION('center_axis',(0.707106781186546,-0.707106781186549,0.));
#2270=DIRECTION('ref_axis',(0.,0.,-1.));
#2271=DIRECTION('',(0.431650558281149,0.431650558281147,0.792057820535311));
#2272=DIRECTION('',(0.,0.,-1.));
#2273=DIRECTION('center_axis',(0.,0.,-1.));
#2274=DIRECTION('ref_axis',(-1.,0.,0.));
#2275=DIRECTION('',(0.,0.,-1.));
#2276=DIRECTION('center_axis',(0.,0.,-1.));
#2277=DIRECTION('ref_axis',(-1.,0.,0.));
#2278=DIRECTION('center_axis',(0.,0.,1.));
#2279=DIRECTION('ref_axis',(-1.,0.,0.));
#2280=DIRECTION('center_axis',(0.878073062474521,-1.55977122197724E-15,
-0.478526589602517));
#2281=DIRECTION('ref_axis',(-0.478526589602516,0.,-0.878073062474521));
#2282=DIRECTION('',(5.9211889805099E-16,1.,0.));
#2283=DIRECTION('center_axis',(1.,-5.92837537421199E-16,0.));
#2284=DIRECTION('ref_axis',(0.,0.,-1.));
#2285=DIRECTION('center_axis',(2.72266516250109E-16,-0.832050294337843,
-0.55470019622523));
#2286=DIRECTION('ref_axis',(-1.,0.,-4.90835442465858E-16));
#2287=DIRECTION('',(1.,3.27223628310573E-16,0.));
#2288=DIRECTION('',(-9.8534548738133E-15,-0.554700196225247,0.832050294337832));
#2289=DIRECTION('',(1.,2.80477395694777E-16,0.));
#2290=DIRECTION('center_axis',(0.,0.,-1.));
#2291=DIRECTION('ref_axis',(1.,-3.55271367880047E-14,0.));
#2292=DIRECTION('',(-0.554700196236244,4.92672743686324E-15,0.8320502943305));
#2293=DIRECTION('center_axis',(0.,0.,-1.));
#2294=DIRECTION('ref_axis',(1.,-4.26325641460943E-14,0.));
#2295=DIRECTION('center_axis',(0.,0.,-1.));
#2296=DIRECTION('ref_axis',(1.,-3.55271367880047E-14,0.));
#2297=DIRECTION('center_axis',(-0.832050294337845,-1.64224247896891E-16,
-0.554700196225227));
#2298=DIRECTION('ref_axis',(-0.554700196225227,0.,0.832050294337845));
#2299=DIRECTION('',(-0.554700196236244,4.92672743686324E-15,0.8320502943305));
#2300=DIRECTION('',(1.97372982155583E-16,-1.,0.));
#2301=DIRECTION('',(1.97372982155583E-16,-1.,0.));
#2302=DIRECTION('center_axis',(0.,0.,-1.));
#2303=DIRECTION('ref_axis',(0.,-1.,0.));
#2304=DIRECTION('',(9.85345487381357E-15,0.554700196225213,0.832050294337854));
#2305=DIRECTION('center_axis',(0.,0.,-1.));
#2306=DIRECTION('ref_axis',(0.,-1.,0.));
#2307=DIRECTION('center_axis',(0.,0.,-1.));
#2308=DIRECTION('ref_axis',(0.,-1.,0.));
#2309=DIRECTION('center_axis',(1.57992369858265E-13,0.832050294337845,-0.554700196225227));
#2310=DIRECTION('ref_axis',(-1.,0.,-2.84824795328024E-13));
#2311=DIRECTION('',(0.,0.554700196225227,0.832050294337845));
#2312=DIRECTION('',(-1.,1.90397405444122E-13,0.));
#2313=DIRECTION('',(-1.,1.89883196885348E-13,0.));
#2314=DIRECTION('center_axis',(1.89883196885348E-13,1.,0.));
#2315=DIRECTION('ref_axis',(-1.,1.89883196885348E-13,0.));
#2316=DIRECTION('',(0.,0.,1.));
#2317=DIRECTION('',(0.,0.,1.));
#2318=DIRECTION('center_axis',(0.,0.,1.));
#2319=DIRECTION('ref_axis',(0.,-1.,0.));
#2320=DIRECTION('',(0.,0.,1.));
#2321=DIRECTION('center_axis',(-1.,-1.97372982155583E-16,0.));
#2322=DIRECTION('ref_axis',(1.97372982155583E-16,-1.,0.));
#2323=DIRECTION('',(0.,0.,1.));
#2324=DIRECTION('center_axis',(0.,0.,1.));
#2325=DIRECTION('ref_axis',(1.,-3.55271367880047E-14,0.));
#2326=DIRECTION('',(0.,0.,1.));
#2327=DIRECTION('center_axis',(3.27223628310573E-16,-1.,0.));
#2328=DIRECTION('ref_axis',(1.,3.27223628310573E-16,0.));
#2329=DIRECTION('center_axis',(1.,0.,0.));
#2330=DIRECTION('ref_axis',(0.,-1.,0.));
#2331=DIRECTION('',(0.,0.,1.));
#2332=DIRECTION('center_axis',(-1.,0.,0.));
#2333=DIRECTION('ref_axis',(0.,-1.,0.));
#2334=DIRECTION('',(0.,0.,1.));
#2335=DIRECTION('center_axis',(0.,0.,1.));
#2336=DIRECTION('ref_axis',(-1.42108547152014E-14,1.,0.));
#2337=DIRECTION('',(0.,0.,1.));
#2338=DIRECTION('center_axis',(1.12190958277911E-15,1.,0.));
#2339=DIRECTION('ref_axis',(-1.,1.12190958277911E-15,0.));
#2340=DIRECTION('',(0.,0.,1.));
#2341=DIRECTION('center_axis',(2.80477395694777E-16,-1.,0.));
#2342=DIRECTION('ref_axis',(1.,2.80477395694777E-16,0.));
#2343=DIRECTION('',(0.,0.,1.));
#2344=DIRECTION('center_axis',(1.90397405444122E-13,1.,0.));
#2345=DIRECTION('ref_axis',(-1.,1.90397405444122E-13,0.));
#2346=DIRECTION('',(0.,0.,1.));
#2347=DIRECTION('center_axis',(0.,0.,1.));
#2348=DIRECTION('ref_axis',(0.,-1.,0.));
#2349=DIRECTION('',(0.,0.,1.));
#2350=DIRECTION('center_axis',(-1.,-1.97372982155583E-16,0.));
#2351=DIRECTION('ref_axis',(1.97372982155583E-16,-1.,0.));
#2352=DIRECTION('',(0.,0.,1.));
#2353=DIRECTION('center_axis',(0.,0.,1.));
#2354=DIRECTION('ref_axis',(1.,-4.26325641460943E-14,0.));
#2355=DIRECTION('center_axis',(0.,0.,1.));
#2356=DIRECTION('ref_axis',(1.,0.,0.));
#2357=DIRECTION('center_axis',(0.,0.,-1.));
#2358=DIRECTION('ref_axis',(-0.999999999994057,-3.44757532740144E-6,0.));
#2359=DIRECTION('',(-1.,1.68052719134824E-13,0.));
#2360=DIRECTION('center_axis',(1.68052719134824E-13,1.,0.));
#2361=DIRECTION('ref_axis',(-1.,1.68052719134824E-13,0.));
#2362=DIRECTION('',(0.,0.,1.));
#2363=DIRECTION('center_axis',(0.,0.,1.));
#2364=DIRECTION('ref_axis',(-0.999999999994057,-3.44757532740144E-6,0.));
#2365=DIRECTION('center_axis',(0.,0.,1.));
#2366=DIRECTION('ref_axis',(1.,4.08562073062087E-14,0.));
#2367=DIRECTION('',(0.,0.,1.));
#2368=DIRECTION('',(1.,0.,0.));
#2369=DIRECTION('',(0.,0.,1.));
#2370=DIRECTION('',(1.,0.,0.));
#2371=DIRECTION('center_axis',(0.,0.,1.));
#2372=DIRECTION('ref_axis',(1.,0.,0.));
#2373=CARTESIAN_POINT('',(0.,0.,0.));
#2374=CARTESIAN_POINT('',(0.,0.,0.));
#2375=CARTESIAN_POINT('Origin',(-99.9000000000001,22.5000000000121,79.9));
#2376=CARTESIAN_POINT('',(-100.,-44.9999999999517,79.8));
#2377=CARTESIAN_POINT('',(-99.8000000000001,-44.9999999999517,80.));
#2378=CARTESIAN_POINT('',(-100.,-44.9999999999517,79.8));
#2379=CARTESIAN_POINT('',(-99.8000000000002,45.0000000000001,80.));
#2380=CARTESIAN_POINT('',(-99.8000000000002,22.5000000000121,80.));
#2381=CARTESIAN_POINT('',(-100.,45.0000000000001,79.8));
#2382=CARTESIAN_POINT('',(-99.8000000000002,45.0000000000001,80.));
#2383=CARTESIAN_POINT('',(-100.,22.5000000000121,79.8));
#2384=CARTESIAN_POINT('Origin',(-94.9999999999999,45.0000000000001,79.9));
#2385=CARTESIAN_POINT('',(-95.,49.8000000000003,80.));
#2386=CARTESIAN_POINT('Origin',(-94.9999999999999,45.0000000000001,80.));
#2387=CARTESIAN_POINT('',(-95.,50.0000000000003,79.8));
#2388=CARTESIAN_POINT('',(-95.,49.8000000000003,80.));
#2389=CARTESIAN_POINT('Origin',(-94.9999999999999,45.0000000000001,79.8));
#2390=CARTESIAN_POINT('Origin',(-94.9999999999998,-44.9999999999516,79.9));
#2391=CARTESIAN_POINT('',(-95.0000000000001,-49.9999999999519,79.8));
#2392=CARTESIAN_POINT('',(-95.0000000000001,-49.7999999999519,80.));
#2393=CARTESIAN_POINT('',(-95.0000000000001,-49.9999999999519,79.8));
#2394=CARTESIAN_POINT('Origin',(-94.9999999999998,-44.9999999999516,80.));
#2395=CARTESIAN_POINT('Origin',(-94.9999999999998,-44.9999999999516,79.8));
#2396=CARTESIAN_POINT('Origin',(-46.9875000003042,49.9000000005745,79.9));
#2397=CARTESIAN_POINT('',(-93.1500000000001,49.8000000000224,80.));
#2398=CARTESIAN_POINT('',(-93.1500000000001,50.0000000000242,79.8));
#2399=CARTESIAN_POINT('',(-93.1500000000001,50.4875000001549,79.3124999998675));
#2400=CARTESIAN_POINT('',(-46.9875000003054,50.0000000005745,79.8));
#2401=CARTESIAN_POINT('',(-46.987500000303,49.8000000005745,80.));
#2402=CARTESIAN_POINT('Origin',(-47.9125000003043,-49.9000000005152,79.9));
#2403=CARTESIAN_POINT('',(-93.1500000000001,-49.9999999999758,79.8));
#2404=CARTESIAN_POINT('',(-93.1500000000001,-49.799999999974,80.));
#2405=CARTESIAN_POINT('',(-93.1500000000001,-50.9000000001098,78.8999999998642));
#2406=CARTESIAN_POINT('',(-47.9125000003031,-49.8000000005152,80.));
#2407=CARTESIAN_POINT('',(-47.9125000003055,-50.0000000005152,79.8));
#2408=CARTESIAN_POINT('Origin',(-93.1500000000001,-49.9999999999758,76.));
#2409=CARTESIAN_POINT('',(-93.1500000000001,-49.9999999999758,76.));
#2410=CARTESIAN_POINT('',(-93.1500000000001,-49.9999999999758,76.));
#2411=CARTESIAN_POINT('',(-93.1500000000001,-48.3499999999625,76.));
#2412=CARTESIAN_POINT('',(-93.1500000000001,50.0000000000242,76.));
#2413=CARTESIAN_POINT('',(-93.1500000000001,-48.3499999999625,77.));
#2414=CARTESIAN_POINT('',(-93.1500000000001,-48.3499999999625,76.));
#2415=CARTESIAN_POINT('',(-93.1500000000001,-47.3499999999625,78.5));
#2416=CARTESIAN_POINT('',(-93.1500000000001,-48.5846153845815,76.6480769230715));
#2417=CARTESIAN_POINT('',(-93.1500000000001,-47.3499999999625,80.));
#2418=CARTESIAN_POINT('',(-93.1500000000001,-47.3499999999625,78.5));
#2419=CARTESIAN_POINT('',(-93.1500000000001,50.0000000000242,80.));
#2420=CARTESIAN_POINT('Origin',(-95.0000000000001,-49.9999999999519,76.));
#2421=CARTESIAN_POINT('',(-95.0000000000001,-49.9999999999519,76.));
#2422=CARTESIAN_POINT('',(-95.0000000000001,-49.9999999999519,76.));
#2423=CARTESIAN_POINT('',(-95.0000000000001,-49.9999999999519,76.));
#2424=CARTESIAN_POINT('Origin',(-94.9999999999998,-44.9999999999516,76.));
#2425=CARTESIAN_POINT('',(-100.,-44.9999999999517,76.));
#2426=CARTESIAN_POINT('',(-100.,-44.9999999999517,76.));
#2427=CARTESIAN_POINT('Origin',(-94.9999999999998,-44.9999999999516,76.));
#2428=CARTESIAN_POINT('Origin',(-100.,45.0000000000001,76.));
#2429=CARTESIAN_POINT('',(-100.,45.0000000000001,76.));
#2430=CARTESIAN_POINT('',(-100.,45.0000000000001,76.));
#2431=CARTESIAN_POINT('',(-100.,45.0000000000001,76.));
#2432=CARTESIAN_POINT('Origin',(-91.1200000000143,-1.24259354036291E-5,
79.));
#2433=CARTESIAN_POINT('',(-87.5200000000143,-1.24259354031883E-5,80.));
#2434=CARTESIAN_POINT('Origin',(-91.1200000000143,-1.24259354036291E-5,
80.));
#2435=CARTESIAN_POINT('',(-89.5200000000143,-1.24259354038251E-5,78.));
#2436=CARTESIAN_POINT('',(-88.5200000000143,-1.24259354033107E-5,79.));
#2437=CARTESIAN_POINT('Origin',(-91.1200000000143,-1.24259354036291E-5,
78.));
#2438=CARTESIAN_POINT('Origin',(-91.1200000000143,-1.24259354036291E-5,
76.));
#2439=CARTESIAN_POINT('',(-89.5200000000143,-1.24259354034332E-5,76.));
#2440=CARTESIAN_POINT('Origin',(-91.1200000000143,-1.24259354036291E-5,
76.));
#2441=CARTESIAN_POINT('',(-89.5200000000143,-1.24259354034332E-5,76.));
#2442=CARTESIAN_POINT('Origin',(-0.825000000012679,2.41850983684344E-11,
80.));
#2443=CARTESIAN_POINT('',(95.0000000000158,-47.3500000000036,80.));
#2444=CARTESIAN_POINT('',(-46.9875000000115,-47.3499999999726,80.));
#2445=CARTESIAN_POINT('',(97.3499999999694,-45.,80.));
#2446=CARTESIAN_POINT('Origin',(95.0000000000158,-45.0000000000446,80.));
#2447=CARTESIAN_POINT('',(97.3499999999694,45.,80.));
#2448=CARTESIAN_POINT('',(97.3499999999694,-22.4999999999879,80.));
#2449=CARTESIAN_POINT('',(94.9999999999998,47.3500000000001,80.));
#2450=CARTESIAN_POINT('Origin',(94.9999999999998,45.0000000000001,80.));
#2451=CARTESIAN_POINT('',(-93.1500000000001,47.3500000000002,80.));
#2452=CARTESIAN_POINT('',(47.0874999999936,47.3500000000002,80.));
#2453=CARTESIAN_POINT('',(-93.1500000000001,50.0000000000242,80.));
#2454=CARTESIAN_POINT('Origin',(94.9999999999998,47.3500000000001,78.5));
#2455=CARTESIAN_POINT('',(-93.1500000000001,47.3500000000002,78.5));
#2456=CARTESIAN_POINT('',(94.9999999999998,47.3500000000001,78.5));
#2457=CARTESIAN_POINT('',(47.0874999999936,47.3500000000002,78.5));
#2458=CARTESIAN_POINT('',(-93.1500000000001,47.3500000000002,78.5));
#2459=CARTESIAN_POINT('',(94.9999999999998,47.3500000000001,78.5));
#2460=CARTESIAN_POINT('Origin',(94.9999999999998,45.0000000000001,78.5));
#2461=CARTESIAN_POINT('',(97.3499999999694,45.,78.5));
#2462=CARTESIAN_POINT('Origin',(94.9999999999998,45.0000000000001,78.5));
#2463=CARTESIAN_POINT('',(97.3499999999694,45.,78.5));
#2464=CARTESIAN_POINT('Origin',(97.3499999999694,-45.,78.5));
#2465=CARTESIAN_POINT('',(97.3499999999694,-45.,78.5));
#2466=CARTESIAN_POINT('',(97.3499999999694,-22.4999999999879,78.5));
#2467=CARTESIAN_POINT('',(97.3499999999694,-45.,78.5));
#2468=CARTESIAN_POINT('Origin',(95.0000000000158,-45.0000000000446,78.5));
#2469=CARTESIAN_POINT('',(95.0000000000158,-47.3500000000036,78.5));
#2470=CARTESIAN_POINT('Origin',(95.0000000000158,-45.0000000000446,78.5));
#2471=CARTESIAN_POINT('',(95.0000000000158,-47.3500000000036,78.5));
#2472=CARTESIAN_POINT('Origin',(-93.1500000000001,-47.3499999999625,78.5));
#2473=CARTESIAN_POINT('',(-46.9875000000115,-47.3499999999726,78.5));
#2474=CARTESIAN_POINT('Origin',(47.0874999999936,47.8500000000002,77.75));
#2475=CARTESIAN_POINT('',(-93.1500000000001,48.3500000000002,77.));
#2476=CARTESIAN_POINT('',(-93.1500000000001,48.3307692307694,77.0288461538462));
#2477=CARTESIAN_POINT('',(94.9999999999998,48.3500000000001,77.));
#2478=CARTESIAN_POINT('',(94.9999999999998,47.3500000000001,78.5));
#2479=CARTESIAN_POINT('',(47.0874999999936,48.3500000000002,77.));
#2480=CARTESIAN_POINT('Origin',(94.9999999999998,45.0000000000001,77.75));
#2481=CARTESIAN_POINT('',(98.3499999999694,45.,77.));
#2482=CARTESIAN_POINT('',(97.3499999999694,45.,78.5));
#2483=CARTESIAN_POINT('Origin',(94.9999999999998,45.0000000000001,77.));
#2484=CARTESIAN_POINT('Origin',(97.8499999999694,-22.4999999999879,77.75));
#2485=CARTESIAN_POINT('',(98.3499999999695,-45.,77.));
#2486=CARTESIAN_POINT('',(97.3499999999694,-45.,78.5));
#2487=CARTESIAN_POINT('',(98.3499999999695,-22.4999999999879,77.));
#2488=CARTESIAN_POINT('Origin',(95.0000000000158,-45.0000000000446,77.75));
#2489=CARTESIAN_POINT('',(95.0000000000158,-48.3500000000036,77.));
#2490=CARTESIAN_POINT('',(95.0000000000158,-47.3500000000036,78.5));
#2491=CARTESIAN_POINT('Origin',(95.0000000000158,-45.0000000000446,77.));
#2492=CARTESIAN_POINT('Origin',(-46.9875000000116,-47.8499999999726,77.75));
#2493=CARTESIAN_POINT('',(-46.9875000000117,-48.3499999999726,77.));
#2494=CARTESIAN_POINT('Origin',(-93.1500000000001,50.0000000000224,76.));
#2495=CARTESIAN_POINT('',(-93.1500000000001,50.0000000000242,76.));
#2496=CARTESIAN_POINT('',(-93.1500000000001,50.0000000000242,76.));
#2497=CARTESIAN_POINT('',(-95.,50.0000000000003,76.));
#2498=CARTESIAN_POINT('',(-93.0000000000001,50.0000000000242,76.));
#2499=CARTESIAN_POINT('',(-95.,50.0000000000003,76.));
#2500=CARTESIAN_POINT('Origin',(-93.1500000000001,48.3500000000002,76.));
#2501=CARTESIAN_POINT('',(-93.1500000000001,48.3500000000002,76.));
#2502=CARTESIAN_POINT('',(-93.1500000000001,48.3500000000002,76.));
#2503=CARTESIAN_POINT('',(-93.1500000000001,50.0000000000242,76.));
#2504=CARTESIAN_POINT('Origin',(94.9999999999998,48.3500000000001,76.));
#2505=CARTESIAN_POINT('',(94.9999999999998,48.3500000000001,76.));
#2506=CARTESIAN_POINT('',(94.9999999999998,48.3500000000001,76.));
#2507=CARTESIAN_POINT('',(94.9999999999998,48.3500000000001,76.));
#2508=CARTESIAN_POINT('Origin',(94.9999999999998,45.0000000000001,76.));
#2509=CARTESIAN_POINT('',(98.3499999999694,45.,76.));
#2510=CARTESIAN_POINT('',(98.3499999999694,45.,76.));
#2511=CARTESIAN_POINT('Origin',(94.9999999999998,45.0000000000001,76.));
#2512=CARTESIAN_POINT('Origin',(98.3499999999695,-45.,76.));
#2513=CARTESIAN_POINT('',(98.3499999999695,-45.,76.));
#2514=CARTESIAN_POINT('',(98.3499999999695,-45.,76.));
#2515=CARTESIAN_POINT('',(98.3499999999695,-45.,76.));
#2516=CARTESIAN_POINT('Origin',(95.0000000000158,-45.0000000000446,76.));
#2517=CARTESIAN_POINT('',(95.0000000000158,-48.3500000000036,76.));
#2518=CARTESIAN_POINT('',(95.0000000000158,-48.3500000000036,76.));
#2519=CARTESIAN_POINT('Origin',(95.0000000000158,-45.0000000000446,76.));
#2520=CARTESIAN_POINT('Origin',(-93.1500000000001,-48.3499999999625,76.));
#2521=CARTESIAN_POINT('',(-93.1500000000001,-48.3499999999625,76.));
#2522=CARTESIAN_POINT('Origin',(-94.9999999999999,45.0000000000001,76.));
#2523=CARTESIAN_POINT('Origin',(-94.9999999999999,45.0000000000001,76.));
#2524=CARTESIAN_POINT('Origin',(-0.825000000012679,2.41850983684344E-11,
76.));
#2525=CARTESIAN_POINT('',(0.,0.,0.));
#2526=CARTESIAN_POINT('Origin',(-97.6000000000144,-22.5000043094552,75.9));
#2527=CARTESIAN_POINT('',(-97.5000000000143,14.6999875740646,75.8));
#2528=CARTESIAN_POINT('',(-97.4999999999705,44.99998376704,75.8));
#2529=CARTESIAN_POINT('',(-97.5000000000144,-22.5000043094552,75.8));
#2530=CARTESIAN_POINT('',(-97.7000000000143,44.99998376704,76.));
#2531=CARTESIAN_POINT('',(-97.4999999999705,44.99998376704,75.8));
#2532=CARTESIAN_POINT('',(-97.7000000000143,14.61714486159,76.));
#2533=CARTESIAN_POINT('',(-97.7000000000144,-22.5000043094552,76.));
#2534=CARTESIAN_POINT('',(-97.7000000000143,14.61714486159,76.));
#2535=CARTESIAN_POINT('Origin',(-66.9457137846134,-15.9957199975737,75.9));
#2536=CARTESIAN_POINT('',(-87.2000000000143,4.3999875740646,75.8));
#2537=CARTESIAN_POINT('',(-66.8750031064947,-15.9250093194551,75.8));
#2538=CARTESIAN_POINT('',(-87.4000000000143,4.31714486158998,76.));
#2539=CARTESIAN_POINT('',(-67.016424462732,-16.0664306756924,76.));
#2540=CARTESIAN_POINT('',(-87.4000000000143,4.31714486158998,76.));
#2541=CARTESIAN_POINT('Origin',(-94.9999999999998,45.,75.9));
#2542=CARTESIAN_POINT('',(-95.0000202946057,47.499999999941,75.8));
#2543=CARTESIAN_POINT('',(-95.0000219181742,47.6999999999344,76.));
#2544=CARTESIAN_POINT('',(-95.0000202946057,47.499999999941,75.8));
#2545=CARTESIAN_POINT('Origin',(-94.9999999999998,45.,76.));
#2546=CARTESIAN_POINT('Origin',(-94.9999999999998,45.,75.8));
#2547=CARTESIAN_POINT('Origin',(-87.3000000000143,-6.2129675922507E-6,75.9));
#2548=CARTESIAN_POINT('',(-87.2000000000143,-4.40001242593541,75.8));
#2549=CARTESIAN_POINT('',(-87.2000000000143,-6.21296759230999E-6,75.8));
#2550=CARTESIAN_POINT('',(-87.4000000000143,-4.31716971346076,76.));
#2551=CARTESIAN_POINT('',(-87.4000000000143,-6.21296759219142E-6,76.));
#2552=CARTESIAN_POINT('',(-87.4000000000143,-4.31716971346076,76.));
#2553=CARTESIAN_POINT('Origin',(-47.5000101473158,47.5999999999666,75.9));
#2554=CARTESIAN_POINT('',(94.9999948279819,47.5000000000433,75.8));
#2555=CARTESIAN_POINT('',(94.9999948279818,47.7000000000433,76.));
#2556=CARTESIAN_POINT('',(94.9999948279819,47.5000000000433,75.8));
#2557=CARTESIAN_POINT('',(-47.5000101473158,47.6999999999666,76.));
#2558=CARTESIAN_POINT('',(-47.5000101473157,47.4999999999666,75.8));
#2559=CARTESIAN_POINT('Origin',(-66.9457075716455,15.9957013586707,75.9));
#2560=CARTESIAN_POINT('',(-97.5000000000144,-14.7000124259354,75.8));
#2561=CARTESIAN_POINT('',(-66.8749968935268,15.924990680552,75.8));
#2562=CARTESIAN_POINT('',(-97.7000000000144,-14.6171697134608,76.));
#2563=CARTESIAN_POINT('',(-67.0164182497642,16.0664120367894,76.));
#2564=CARTESIAN_POINT('',(-97.7000000000144,-14.6171697134608,76.));
#2565=CARTESIAN_POINT('Origin',(94.9999999999998,45.0000000000001,75.9));
#2566=CARTESIAN_POINT('',(97.5000000000007,45.0000083805754,75.8));
#2567=CARTESIAN_POINT('',(97.6999999999996,45.0000090510214,76.));
#2568=CARTESIAN_POINT('',(97.5000000000007,45.0000083805754,75.8));
#2569=CARTESIAN_POINT('Origin',(94.9999999999998,45.0000000000001,76.));
#2570=CARTESIAN_POINT('Origin',(94.9999999999998,45.0000000000001,75.8));
#2571=CARTESIAN_POINT('Origin',(-97.6000000000144,-22.5000043094552,75.9));
#2572=CARTESIAN_POINT('',(-97.7000000000144,-45.0000086189107,76.));
#2573=CARTESIAN_POINT('',(-97.7000000000144,-22.5000043094552,76.));
#2574=CARTESIAN_POINT('',(-97.5000000000144,-45.0000086189107,75.8));
#2575=CARTESIAN_POINT('',(-97.7000000000144,-45.0000086189107,76.));
#2576=CARTESIAN_POINT('',(-97.5000000000144,-22.5000043094552,75.8));
#2577=CARTESIAN_POINT('Origin',(97.5999999999967,22.5000041902791,75.9));
#2578=CARTESIAN_POINT('',(97.4999999999847,-45.0000141505954,75.8));
#2579=CARTESIAN_POINT('',(97.6999999999847,-45.0000141505955,76.));
#2580=CARTESIAN_POINT('',(97.4999999999847,-45.0000141505954,75.8));
#2581=CARTESIAN_POINT('',(97.6999999999967,22.5000041902791,76.));
#2582=CARTESIAN_POINT('',(97.4999999999967,22.5000041902791,75.8));
#2583=CARTESIAN_POINT('Origin',(-94.9999999999998,-44.9999999999724,75.9));
#2584=CARTESIAN_POINT('',(-94.999998698548,-47.7000000000016,76.));
#2585=CARTESIAN_POINT('Origin',(-94.9999999999998,-44.9999999999724,76.));
#2586=CARTESIAN_POINT('',(-94.9999987949518,-47.4999999999789,75.8));
#2587=CARTESIAN_POINT('',(-94.999998698548,-47.7000000000016,76.));
#2588=CARTESIAN_POINT('Origin',(-94.9999999999998,-44.9999999999724,75.8));
#2589=CARTESIAN_POINT('Origin',(95.0000000000158,-45.0000000000446,75.9));
#2590=CARTESIAN_POINT('',(94.999986641778,-47.5000000000108,75.8));
#2591=CARTESIAN_POINT('',(94.999985573119,-47.700000000008,76.));
#2592=CARTESIAN_POINT('',(94.999986641778,-47.5000000000108,75.8));
#2593=CARTESIAN_POINT('Origin',(95.0000000000158,-45.0000000000446,76.));
#2594=CARTESIAN_POINT('Origin',(95.0000000000158,-45.0000000000446,75.8));
#2595=CARTESIAN_POINT('Origin',(47.499993320885,-47.6000000000028,75.9));
#2596=CARTESIAN_POINT('',(47.4999933208849,-47.7000000000028,76.));
#2597=CARTESIAN_POINT('',(47.499993320885,-47.5000000000028,75.8));
#2598=CARTESIAN_POINT('Origin',(95.0000000000158,-45.0000000000446,0.));
#2599=CARTESIAN_POINT('',(97.4999999999848,-45.0000141505954,3.));
#2600=CARTESIAN_POINT('',(97.4999999999847,-45.0000141505954,0.));
#2601=CARTESIAN_POINT('',(94.999986641778,-47.5000000000108,3.));
#2602=CARTESIAN_POINT('Origin',(95.0000000000158,-45.0000000000446,3.));
#2603=CARTESIAN_POINT('',(94.999986641778,-47.5000000000108,0.));
#2604=CARTESIAN_POINT('Origin',(97.5000000000007,45.0000083805753,0.));
#2605=CARTESIAN_POINT('',(97.5000000000007,45.0000083805754,3.));
#2606=CARTESIAN_POINT('',(97.5000000000007,45.0000083805754,0.));
#2607=CARTESIAN_POINT('',(97.4999999999967,22.5000041902782,3.));
#2608=CARTESIAN_POINT('Origin',(94.9999999999998,45.0000000000001,0.));
#2609=CARTESIAN_POINT('',(94.9999948279819,47.5000000000433,3.));
#2610=CARTESIAN_POINT('',(94.9999948279819,47.5000000000433,0.));
#2611=CARTESIAN_POINT('Origin',(94.9999999999998,45.0000000000001,3.));
#2612=CARTESIAN_POINT('Origin',(-95.0000202946057,47.499999999941,0.));
#2613=CARTESIAN_POINT('',(-95.0000202946057,47.499999999941,3.));
#2614=CARTESIAN_POINT('',(-95.0000202946057,47.499999999941,0.));
#2615=CARTESIAN_POINT('',(-47.5000101473213,47.4999999999666,3.));
#2616=CARTESIAN_POINT('Origin',(-94.9999999999998,45.,0.));
#2617=CARTESIAN_POINT('',(-97.4999999999705,44.99998376704,3.));
#2618=CARTESIAN_POINT('',(-97.4999999999705,44.99998376704,0.));
#2619=CARTESIAN_POINT('Origin',(-94.9999999999998,45.,3.));
#2620=CARTESIAN_POINT('Origin',(-1.24344978758018E-13,1.68753899743024E-13,
76.));
#2621=CARTESIAN_POINT('',(-93.0000000000001,-48.4999999999625,76.));
#2622=CARTESIAN_POINT('',(95.0000000000158,-48.4999999999982,76.));
#2623=CARTESIAN_POINT('',(47.5000000000033,-48.4999999999892,76.));
#2624=CARTESIAN_POINT('',(98.4999999999999,-45.,76.));
#2625=CARTESIAN_POINT('Origin',(95.0000000000158,-45.0000000000446,76.));
#2626=CARTESIAN_POINT('',(98.4999999999999,45.,76.));
#2627=CARTESIAN_POINT('',(98.4999999999999,22.5000000000001,76.));
#2628=CARTESIAN_POINT('',(94.9999999999998,48.5000000000002,76.));
#2629=CARTESIAN_POINT('Origin',(94.9999999999998,45.0000000000001,76.));
#2630=CARTESIAN_POINT('',(-93.0000000000001,48.5000000000001,76.));
#2631=CARTESIAN_POINT('',(-47.5,48.5000000000002,76.));
#2632=CARTESIAN_POINT('',(-93.0000000000001,50.0000000000242,76.));
#2633=CARTESIAN_POINT('',(-93.0000000000001,-49.9999999999758,76.));
#2634=CARTESIAN_POINT('',(-95.,50.0000000000003,76.));
#2635=CARTESIAN_POINT('',(-0.750000000000107,50.0000000000002,76.));
#2636=CARTESIAN_POINT('',(-100.,45.0000000000001,76.));
#2637=CARTESIAN_POINT('Origin',(-95.,45.0000000000001,76.));
#2638=CARTESIAN_POINT('',(-100.,-44.9999999999517,76.));
#2639=CARTESIAN_POINT('',(-100.,22.5000000000121,76.));
#2640=CARTESIAN_POINT('',(-95.0000000000001,-49.9999999999726,76.));
#2641=CARTESIAN_POINT('Origin',(-94.9999999999998,-44.9999999999516,76.));
#2642=CARTESIAN_POINT('',(-93.0000000000001,-49.9999999999758,76.));
#2643=CARTESIAN_POINT('',(-95.7500000000001,-50.,76.));
#2644=CARTESIAN_POINT('',(-93.0000000000001,-49.9999999999758,76.));
#2645=CARTESIAN_POINT('',(-89.1200000000143,-1.24259354033842E-5,76.));
#2646=CARTESIAN_POINT('Origin',(-91.1200000000143,-1.24259354036291E-5,
76.));
#2647=CARTESIAN_POINT('Origin',(99.8999999999927,-22.4999999999999,79.9));
#2648=CARTESIAN_POINT('',(99.9999999999999,45.0000000000009,79.8));
#2649=CARTESIAN_POINT('',(99.7999999999855,45.0000000000009,80.));
#2650=CARTESIAN_POINT('',(99.9999999999999,45.0000000000009,79.8));
#2651=CARTESIAN_POINT('',(99.7999999999855,-44.9999999999999,80.));
#2652=CARTESIAN_POINT('',(99.7999999999855,-22.4999999999999,80.));
#2653=CARTESIAN_POINT('',(99.9999999999999,-44.9999999999999,79.8));
#2654=CARTESIAN_POINT('',(99.7999999999855,-44.9999999999999,80.));
#2655=CARTESIAN_POINT('',(99.9999999999999,-22.4999999999999,79.8));
#2656=CARTESIAN_POINT('Origin',(94.9999999999999,-45.,79.9));
#2657=CARTESIAN_POINT('',(95.0000000000002,-49.7999999999982,80.));
#2658=CARTESIAN_POINT('Origin',(94.9999999999999,-45.,80.));
#2659=CARTESIAN_POINT('',(95.0000000000002,-49.9999999999999,79.8));
#2660=CARTESIAN_POINT('',(95.0000000000002,-49.7999999999982,80.));
#2661=CARTESIAN_POINT('Origin',(94.9999999999999,-45.,79.8));
#2662=CARTESIAN_POINT('Origin',(95.0000000000003,45.0000000000007,79.9));
#2663=CARTESIAN_POINT('',(94.9999999999999,50.0000000000003,79.8));
#2664=CARTESIAN_POINT('',(94.9999999999999,49.8000000000001,80.));
#2665=CARTESIAN_POINT('',(94.9999999999999,50.0000000000003,79.8));
#2666=CARTESIAN_POINT('Origin',(95.0000000000003,45.0000000000007,80.));
#2667=CARTESIAN_POINT('Origin',(95.0000000000003,45.0000000000007,79.8));
#2668=CARTESIAN_POINT('Origin',(-47.5000000000001,-49.8999999999881,79.9));
#2669=CARTESIAN_POINT('',(-93.0000000000001,-49.7999999999762,80.));
#2670=CARTESIAN_POINT('',(-93.0000000000001,-50.,79.8));
#2671=CARTESIAN_POINT('',(-93.0000000000001,-49.2749999999103,80.5250000000034));
#2672=CARTESIAN_POINT('',(-47.5000000000001,-50.,79.8));
#2673=CARTESIAN_POINT('',(-47.5000000000001,-49.7999999999762,80.));
#2674=CARTESIAN_POINT('Origin',(47.4999999999999,49.9000000000001,79.9));
#2675=CARTESIAN_POINT('',(-93.0000000000001,50.0000000000003,79.8));
#2676=CARTESIAN_POINT('',(-93.0000000000001,49.8000000000003,80.));
#2677=CARTESIAN_POINT('',(-93.0000000000001,49.9000000000062,79.8999999999941));
#2678=CARTESIAN_POINT('',(47.4999999999999,49.8000000000002,80.));
#2679=CARTESIAN_POINT('',(47.4999999999999,50.0000000000001,79.8));
#2680=CARTESIAN_POINT('Origin',(-1.06581410364015E-13,1.59872115546023E-13,
80.));
#2681=CARTESIAN_POINT('',(-93.0000000000001,47.5000000000001,80.));
#2682=CARTESIAN_POINT('',(-93.0000000000001,25.0000000000122,80.));
#2683=CARTESIAN_POINT('',(94.9999999999998,47.5000000000002,80.));
#2684=CARTESIAN_POINT('',(94.9999999999998,47.5000000000002,80.));
#2685=CARTESIAN_POINT('',(97.4999999999712,45.,80.));
#2686=CARTESIAN_POINT('Origin',(94.9999999999998,45.0000000000001,80.));
#2687=CARTESIAN_POINT('',(97.4999999999712,-45.,80.));
#2688=CARTESIAN_POINT('',(97.4999999999712,-45.,80.));
#2689=CARTESIAN_POINT('',(95.0000000000158,-47.4999999999983,80.));
#2690=CARTESIAN_POINT('Origin',(95.0000000000158,-45.0000000000446,80.));
#2691=CARTESIAN_POINT('',(-93.0000000000001,-47.4999999999625,80.));
#2692=CARTESIAN_POINT('',(-94.9999999999998,-47.4999999999621,80.));
#2693=CARTESIAN_POINT('',(-93.0000000000001,-23.7499999999812,80.));
#2694=CARTESIAN_POINT('Origin',(-93.0000000000001,50.0000000000242,80.));
#2695=CARTESIAN_POINT('',(-93.0000000000001,50.0000000000003,40.));
#2696=CARTESIAN_POINT('',(-93.0000000000001,48.5000000000001,77.));
#2697=CARTESIAN_POINT('',(-93.0000000000001,48.5000000000001,78.));
#2698=CARTESIAN_POINT('',(-93.0000000000001,47.5000000000001,78.5));
#2699=CARTESIAN_POINT('',(-93.0000000000001,47.7884615384654,78.0673076923021));
#2700=CARTESIAN_POINT('',(-93.0000000000001,47.5000000000001,79.25));
#2701=CARTESIAN_POINT('Origin',(99.8999999999999,-22.4999999999999,0.1));
#2702=CARTESIAN_POINT('',(99.7999999999999,45.0000000000009,0.));
#2703=CARTESIAN_POINT('',(99.9999999999999,45.0000000000009,0.2));
#2704=CARTESIAN_POINT('',(99.7999999999999,45.0000000000009,0.));
#2705=CARTESIAN_POINT('',(99.9999999999999,-44.9999999999999,0.2));
#2706=CARTESIAN_POINT('',(99.9999999999999,-22.4999999999999,0.2));
#2707=CARTESIAN_POINT('',(99.7999999999999,-44.9999999999999,0.));
#2708=CARTESIAN_POINT('',(99.9999999999999,-44.9999999999999,0.2));
#2709=CARTESIAN_POINT('',(99.7999999999999,-22.4999999999999,0.));
#2710=CARTESIAN_POINT('Origin',(94.9999999999999,-45.,0.1));
#2711=CARTESIAN_POINT('',(95.0000000000002,-49.9999999999999,0.2));
#2712=CARTESIAN_POINT('Origin',(94.9999999999999,-45.,0.2));
#2713=CARTESIAN_POINT('',(95.0000000000002,-49.7999999999999,0.));
#2714=CARTESIAN_POINT('',(95.0000000000002,-49.9999999999999,0.2));
#2715=CARTESIAN_POINT('Origin',(94.9999999999999,-45.,0.));
#2716=CARTESIAN_POINT('Origin',(95.0000000000003,45.0000000000007,0.1));
#2717=CARTESIAN_POINT('',(94.9999999999999,49.8000000000003,0.));
#2718=CARTESIAN_POINT('',(94.9999999999999,50.0000000000003,0.2));
#2719=CARTESIAN_POINT('',(94.9999999999999,49.8000000000003,0.));
#2720=CARTESIAN_POINT('Origin',(95.0000000000003,45.0000000000007,0.2));
#2721=CARTESIAN_POINT('Origin',(95.0000000000003,45.0000000000007,0.));
#2722=CARTESIAN_POINT('Origin',(-47.5000000000001,-49.9,0.1));
#2723=CARTESIAN_POINT('',(-95.0000000000001,-49.9999999999519,0.2));
#2724=CARTESIAN_POINT('',(-47.5000000000001,-50.,0.2));
#2725=CARTESIAN_POINT('',(-95.0000000000001,-49.8,0.));
#2726=CARTESIAN_POINT('',(-95.0000000000001,-49.9999999999519,0.2));
#2727=CARTESIAN_POINT('',(-47.5000000000001,-49.8,0.));
#2728=CARTESIAN_POINT('Origin',(47.4999999999999,49.9000000000001,0.1));
#2729=CARTESIAN_POINT('',(-95.,49.8000000000003,0.));
#2730=CARTESIAN_POINT('',(-95.,50.0000000000003,0.2));
#2731=CARTESIAN_POINT('',(-95.,49.8000000000003,0.));
#2732=CARTESIAN_POINT('',(47.4999999999999,50.0000000000001,0.2));
#2733=CARTESIAN_POINT('',(47.4999999999999,49.8000000000001,0.));
#2734=CARTESIAN_POINT('Origin',(-94.9999999999998,-44.9999999999516,0.1));
#2735=CARTESIAN_POINT('',(-100.,-44.9999999999517,0.2));
#2736=CARTESIAN_POINT('Origin',(-94.9999999999998,-44.9999999999516,0.2));
#2737=CARTESIAN_POINT('',(-99.8000000000001,-44.9999999999517,0.));
#2738=CARTESIAN_POINT('',(-100.,-44.9999999999517,0.2));
#2739=CARTESIAN_POINT('Origin',(-94.9999999999998,-44.9999999999516,0.));
#2740=CARTESIAN_POINT('Origin',(-95.,45.0000000000001,0.1));
#2741=CARTESIAN_POINT('',(-99.8000000000002,45.0000000000001,0.));
#2742=CARTESIAN_POINT('',(-100.,45.0000000000001,0.2));
#2743=CARTESIAN_POINT('',(-99.8000000000002,45.0000000000001,0.));
#2744=CARTESIAN_POINT('Origin',(-95.,45.0000000000001,0.2));
#2745=CARTESIAN_POINT('Origin',(-95.,45.0000000000001,0.));
#2746=CARTESIAN_POINT('Origin',(-99.9000000000001,22.5000000000001,0.1));
#2747=CARTESIAN_POINT('',(-100.,22.5000000000001,0.2));
#2748=CARTESIAN_POINT('',(-99.8000000000001,22.5000000000001,0.));
#2749=CARTESIAN_POINT('Origin',(-94.9999999999998,-44.9999999999516,0.));
#2750=CARTESIAN_POINT('',(-95.0000000000001,-49.9999999999519,0.));
#2751=CARTESIAN_POINT('',(-100.,-44.9999999999517,0.));
#2752=CARTESIAN_POINT('Origin',(-95.0000000000001,-50.,0.));
#2753=CARTESIAN_POINT('',(-93.0000000000001,-50.,40.));
#2754=CARTESIAN_POINT('',(95.0000000000002,-49.9999999999999,0.));
#2755=CARTESIAN_POINT('Origin',(94.9999999999999,-45.,0.));
#2756=CARTESIAN_POINT('',(99.9999999999999,-44.9999999999999,0.));
#2757=CARTESIAN_POINT('Origin',(99.9999999999999,-44.9999999999999,0.));
#2758=CARTESIAN_POINT('',(99.9999999999999,45.0000000000009,0.));
#2759=CARTESIAN_POINT('Origin',(-1.24344978758018E-13,1.68753899743024E-13,
0.));
#2760=CARTESIAN_POINT('Origin',(-92.3500000000143,9.5499875740646,34.65));
#2761=CARTESIAN_POINT('',(-87.2000000000143,4.3999875740646,69.3));
#2762=CARTESIAN_POINT('',(-87.2000000000143,4.3999875740646,76.));
#2763=CARTESIAN_POINT('',(-97.5000000000143,14.6999875740646,50.4));
#2764=CARTESIAN_POINT('',(-93.4670741512495,10.6670617252998,57.8002231593839));
#2765=CARTESIAN_POINT('',(-97.5000000000143,14.6999875740646,34.65));
#2766=CARTESIAN_POINT('Origin',(-97.5000000000144,-45.0000086189107,0.));
#2767=CARTESIAN_POINT('',(-97.5000000000144,-45.0000086189107,3.));
#2768=CARTESIAN_POINT('',(-97.5000000000144,-45.0000086189107,0.));
#2769=CARTESIAN_POINT('',(-97.5000000000144,-22.500004309456,3.));
#2770=CARTESIAN_POINT('',(-97.5000000000144,-14.7000124259354,50.4));
#2771=CARTESIAN_POINT('',(-97.5000000000144,-24.700010522423,50.4));
#2772=CARTESIAN_POINT('',(-97.5000000000144,-14.7000124259354,38.));
#2773=CARTESIAN_POINT('Origin',(-92.3500000000144,-9.5500124259354,38.));
#2774=CARTESIAN_POINT('',(-87.2000000000143,-4.40001242593541,69.3));
#2775=CARTESIAN_POINT('',(-97.4965628111424,-14.6965752370634,50.4063070747262));
#2776=CARTESIAN_POINT('',(-87.2000000000143,-4.40001242593541,69.3));
#2777=CARTESIAN_POINT('Origin',(-91.1200000000143,-1.24259354036291E-5,
76.));
#2778=CARTESIAN_POINT('',(-89.1200000000143,-1.24259354033842E-5,69.3));
#2779=CARTESIAN_POINT('',(-89.1200000000143,-1.24259354038741E-5,76.));
#2780=CARTESIAN_POINT('Origin',(-91.1200000000143,-1.24259354036291E-5,
69.3));
#2781=CARTESIAN_POINT('Origin',(-91.1200000000143,-1.24259354036815E-5,
69.3));
#2782=CARTESIAN_POINT('Origin',(-92.3500000000144,-24.7000105224231,59.85));
#2783=CARTESIAN_POINT('',(-87.2000000000143,4.3999875740646,69.3));
#2784=CARTESIAN_POINT('Origin',(-87.2000000000143,-1.24259354050693E-5,
72.65));
#2785=CARTESIAN_POINT('Origin',(-47.5,48.0000000000002,77.75));
#2786=CARTESIAN_POINT('',(94.9999999999998,48.5000000000002,77.));
#2787=CARTESIAN_POINT('',(-47.5,48.5000000000002,77.));
#2788=CARTESIAN_POINT('',(94.9999999999998,47.5000000000002,78.5));
#2789=CARTESIAN_POINT('',(94.9999999999998,48.5000000000002,77.));
#2790=CARTESIAN_POINT('',(94.9999999999998,47.5000000000002,78.5));
#2791=CARTESIAN_POINT('Origin',(94.9999999999998,45.0000000000001,77.75));
#2792=CARTESIAN_POINT('',(98.4999999999999,45.,77.));
#2793=CARTESIAN_POINT('',(97.4999999999712,45.,78.5));
#2794=CARTESIAN_POINT('',(98.4999999999999,45.,77.));
#2795=CARTESIAN_POINT('Origin',(94.9999999999998,45.0000000000001,78.5));
#2796=CARTESIAN_POINT('Origin',(94.9999999999998,45.0000000000001,77.));
#2797=CARTESIAN_POINT('Origin',(97.9999999999999,22.5000000000001,77.75));
#2798=CARTESIAN_POINT('',(98.4999999999999,-45.,77.));
#2799=CARTESIAN_POINT('',(97.4999999999712,-45.,78.5));
#2800=CARTESIAN_POINT('',(98.4999999999999,-45.,77.));
#2801=CARTESIAN_POINT('',(97.4999999999712,-45.,78.5));
#2802=CARTESIAN_POINT('',(98.4999999999999,22.5000000000001,77.));
#2803=CARTESIAN_POINT('Origin',(95.0000000000158,-45.0000000000446,77.75));
#2804=CARTESIAN_POINT('',(95.0000000000158,-48.4999999999982,77.));
#2805=CARTESIAN_POINT('',(95.0000000000158,-47.4999999999983,78.5));
#2806=CARTESIAN_POINT('',(95.0000000000158,-48.4999999999982,77.));
#2807=CARTESIAN_POINT('Origin',(95.0000000000158,-45.0000000000446,78.5));
#2808=CARTESIAN_POINT('Origin',(95.0000000000158,-45.0000000000446,77.));
#2809=CARTESIAN_POINT('Origin',(47.5000000000034,-47.9999999999892,77.75));
#2810=CARTESIAN_POINT('',(-93.0000000000001,-48.4999999999625,77.));
#2811=CARTESIAN_POINT('',(-93.0000000000001,-47.4999999999625,78.5));
#2812=CARTESIAN_POINT('',(-93.0000000000001,-47.4038461538128,78.6442307692246));
#2813=CARTESIAN_POINT('',(-94.9999999999998,-47.4999999999621,78.5));
#2814=CARTESIAN_POINT('',(47.5000000000033,-48.4999999999892,77.));
#2815=CARTESIAN_POINT('Origin',(95.0000000000158,-48.4999999999982,76.));
#2816=CARTESIAN_POINT('',(95.0000000000158,-48.4999999999982,76.));
#2817=CARTESIAN_POINT('',(-93.0000000000001,-48.4999999999625,78.));
#2818=CARTESIAN_POINT('Origin',(95.0000000000158,-45.0000000000446,76.));
#2819=CARTESIAN_POINT('',(98.4999999999999,-45.,76.));
#2820=CARTESIAN_POINT('Origin',(98.4999999999999,45.,76.));
#2821=CARTESIAN_POINT('',(98.4999999999999,45.,76.));
#2822=CARTESIAN_POINT('Origin',(94.9999999999998,45.0000000000001,76.));
#2823=CARTESIAN_POINT('',(94.9999999999998,48.5000000000002,76.));
#2824=CARTESIAN_POINT('Origin',(-94.9999999999998,48.5000000000001,76.));
#2825=CARTESIAN_POINT('Origin',(-93.0000000000001,-47.4999999999625,80.));
#2826=CARTESIAN_POINT('',(-93.0000000000001,-47.4999999999625,79.25));
#2827=CARTESIAN_POINT('Origin',(-100.,45.0000000000001,0.));
#2828=CARTESIAN_POINT('',(-100.,45.0000000000001,0.));
#2829=CARTESIAN_POINT('Origin',(-95.,45.0000000000001,0.));
#2830=CARTESIAN_POINT('',(-95.,50.0000000000003,0.));
#2831=CARTESIAN_POINT('Origin',(94.9999999999999,50.0000000000001,0.));
#2832=CARTESIAN_POINT('',(94.9999999999999,50.0000000000003,0.));
#2833=CARTESIAN_POINT('Origin',(-94.9999999999998,47.5000000000001,78.5));
#2834=CARTESIAN_POINT('',(94.9999999999998,47.5000000000002,78.5));
#2835=CARTESIAN_POINT('Origin',(95.0000000000158,-47.4999999999983,78.5));
#2836=CARTESIAN_POINT('',(95.0000000000158,-47.4999999999983,78.5));
#2837=CARTESIAN_POINT('Origin',(95.0000000000158,-45.0000000000446,78.5));
#2838=CARTESIAN_POINT('',(97.4999999999712,-45.,78.5));
#2839=CARTESIAN_POINT('Origin',(97.4999999999712,45.,78.5));
#2840=CARTESIAN_POINT('',(97.4999999999712,45.,78.5));
#2841=CARTESIAN_POINT('Origin',(94.9999999999998,45.0000000000001,78.5));
#2842=CARTESIAN_POINT('Origin',(-1.12621023617976E-11,-1.57207580286922E-12,
3.));
#2843=CARTESIAN_POINT('',(-94.9999987949518,-47.4999999999789,3.));
#2844=CARTESIAN_POINT('Origin',(-94.9999999999998,-44.9999999999724,3.));
#2845=CARTESIAN_POINT('',(47.4999933208794,-47.5000000000028,3.));
#2846=CARTESIAN_POINT('Origin',(94.999986641778,-47.5000000000108,0.));
#2847=CARTESIAN_POINT('',(-94.9999987949518,-47.4999999999789,0.));
#2848=CARTESIAN_POINT('Origin',(-94.9999999999998,-44.9999999999724,0.));
#2849=CARTESIAN_POINT('Origin',(95.0000000000003,45.0000000000007,0.));
#2850=CARTESIAN_POINT('',(0.,0.,0.));
#2851=CARTESIAN_POINT('',(0.,0.,0.));
#2852=CARTESIAN_POINT('Origin',(0.,0.,0.));
#2853=UNCERTAINTY_MEASURE_WITH_UNIT(LENGTH_MEASURE(0.01),#2861,
'DISTANCE_ACCURACY_VALUE',
'Maximum model space distance between geometric entities at asserted c
onnectivities');
#2854=UNCERTAINTY_MEASURE_WITH_UNIT(LENGTH_MEASURE(0.01),#2861,
'DISTANCE_ACCURACY_VALUE',
'Maximum model space distance between geometric entities at asserted c
onnectivities');
#2855=UNCERTAINTY_MEASURE_WITH_UNIT(LENGTH_MEASURE(0.01),#2861,
'DISTANCE_ACCURACY_VALUE',
'Maximum model space distance between geometric entities at asserted c
onnectivities');
#2856=UNCERTAINTY_MEASURE_WITH_UNIT(LENGTH_MEASURE(0.01),#2861,
'DISTANCE_ACCURACY_VALUE',
'Maximum model space distance between geometric entities at asserted c
onnectivities');
#2857=(
GEOMETRIC_REPRESENTATION_CONTEXT(3)
GLOBAL_UNCERTAINTY_ASSIGNED_CONTEXT((#2853))
GLOBAL_UNIT_ASSIGNED_CONTEXT((#2861,#2863,#2864))
REPRESENTATION_CONTEXT('','3D')
);
#2858=(
GEOMETRIC_REPRESENTATION_CONTEXT(3)
GLOBAL_UNCERTAINTY_ASSIGNED_CONTEXT((#2854))
GLOBAL_UNIT_ASSIGNED_CONTEXT((#2861,#2863,#2864))
REPRESENTATION_CONTEXT('','3D')
);
#2859=(
GEOMETRIC_REPRESENTATION_CONTEXT(3)
GLOBAL_UNCERTAINTY_ASSIGNED_CONTEXT((#2855))
GLOBAL_UNIT_ASSIGNED_CONTEXT((#2861,#2863,#2864))
REPRESENTATION_CONTEXT('','3D')
);
#2860=(
GEOMETRIC_REPRESENTATION_CONTEXT(3)
GLOBAL_UNCERTAINTY_ASSIGNED_CONTEXT((#2856))
GLOBAL_UNIT_ASSIGNED_CONTEXT((#2861,#2863,#2864))
REPRESENTATION_CONTEXT('','3D')
);
#2861=(
LENGTH_UNIT()
NAMED_UNIT(*)
SI_UNIT(.MILLI.,.METRE.)
);
#2862=(
LENGTH_UNIT()
NAMED_UNIT(*)
SI_UNIT($,.METRE.)
);
#2863=(
NAMED_UNIT(*)
PLANE_ANGLE_UNIT()
SI_UNIT($,.RADIAN.)
);
#2864=(
NAMED_UNIT(*)
SI_UNIT($,.STERADIAN.)
SOLID_ANGLE_UNIT()
);
#2865=SHAPE_DEFINITION_REPRESENTATION(#2868,#2873);
#2866=SHAPE_DEFINITION_REPRESENTATION(#2869,#2874);
#2867=SHAPE_DEFINITION_REPRESENTATION(#2870,#2875);
#2868=PRODUCT_DEFINITION_SHAPE('',$,#2877);
#2869=PRODUCT_DEFINITION_SHAPE('',$,#2878);
#2870=PRODUCT_DEFINITION_SHAPE('',$,#2879);
#2871=PRODUCT_DEFINITION_SHAPE($,$,#20);
#2872=PRODUCT_DEFINITION_SHAPE($,$,#21);
#2873=SHAPE_REPRESENTATION('',(#1718,#1873,#1874),#2857);
#2874=SHAPE_REPRESENTATION('',(#1719),#2858);
#2875=SHAPE_REPRESENTATION('',(#1768),#2859);
#2876=PRODUCT_DEFINITION_CONTEXT('part definition',#2887,'design');
#2877=PRODUCT_DEFINITION('Box v2','Box v2 v1',#2880,#2876);
#2878=PRODUCT_DEFINITION('LID','LID',#2881,#2876);
#2879=PRODUCT_DEFINITION('BOX','BOX',#2882,#2876);
#2880=PRODUCT_DEFINITION_FORMATION('',$,#2889);
#2881=PRODUCT_DEFINITION_FORMATION('',$,#2890);
#2882=PRODUCT_DEFINITION_FORMATION('',$,#2891);
#2883=PRODUCT_RELATED_PRODUCT_CATEGORY('Box v2 v1','Box v2 v1',(#2889));
#2884=PRODUCT_RELATED_PRODUCT_CATEGORY('LID','LID',(#2890));
#2885=PRODUCT_RELATED_PRODUCT_CATEGORY('BOX','BOX',(#2891));
#2886=APPLICATION_PROTOCOL_DEFINITION('international standard',
'automotive_design',2009,#2887);
#2887=APPLICATION_CONTEXT(
'Core Data for Automotive Mechanical Design Process');
#2888=PRODUCT_CONTEXT('part definition',#2887,'mechanical');
#2889=PRODUCT('Box v2','Box v2 v1',$,(#2888));
#2890=PRODUCT('LID','LID',$,(#2888));
#2891=PRODUCT('BOX','BOX',$,(#2888));
#2892=PRESENTATION_STYLE_ASSIGNMENT((#2896));
#2893=PRESENTATION_STYLE_ASSIGNMENT((#2897));
#2894=PRESENTATION_STYLE_ASSIGNMENT((#2898));
#2895=PRESENTATION_STYLE_ASSIGNMENT((NULL_STYLE(.NULL.)));
#2896=SURFACE_STYLE_USAGE(.BOTH.,#2899);
#2897=SURFACE_STYLE_USAGE(.BOTH.,#2900);
#2898=SURFACE_STYLE_USAGE(.BOTH.,#2901);
#2899=SURFACE_SIDE_STYLE('',(#2902));
#2900=SURFACE_SIDE_STYLE('',(#2903));
#2901=SURFACE_SIDE_STYLE('',(#2904));
#2902=SURFACE_STYLE_FILL_AREA(#2905);
#2903=SURFACE_STYLE_FILL_AREA(#2906);
#2904=SURFACE_STYLE_FILL_AREA(#2907);
#2905=FILL_AREA_STYLE('Steel - Satin',(#2908));
#2906=FILL_AREA_STYLE('Glass - Medium Color (Blue)',(#2909));
#2907=FILL_AREA_STYLE(
'PA 11 - Nylon- HP 11-30 (with EOS P 396 3D Printer)',(#2910));
#2908=FILL_AREA_STYLE_COLOUR('Steel - Satin',#2911);
#2909=FILL_AREA_STYLE_COLOUR('Glass - Medium Color (Blue)',#2912);
#2910=FILL_AREA_STYLE_COLOUR(
'PA 11 - Nylon- HP 11-30 (with EOS P 396 3D Printer)',#2913);
#2911=COLOUR_RGB('Steel - Satin',0.627450980392157,0.627450980392157,0.627450980392157);
#2912=COLOUR_RGB('Glass - Medium Color (Blue)',0.423529411764706,0.768627450980392,
0.854901960784314);
#2913=COLOUR_RGB('PA 11 - Nylon- HP 11-30 (with EOS P 396 3D Printer)',
0.247058823529412,0.247058823529412,0.247058823529412);
ENDSEC;
END-ISO-10303-21;
